Lon,Lat
142.21,-9.2041
142.06,-9.2573
142.6,-9.3603
142.71,-9.4065
142.53,-9.418
143.45,-9.0509
143.21,-9.088
143.24,-9.1217
143.02,-9.2551
143.03,-9.3003
143.14,-9.3162
143.31,-9.35
143.2,-9.3626
143.34,-9.3652
143.11,-9.3848
143.12,-9.3924
143.88,-9.1459
143.86,-9.3582
143.84,-9.3931
143.78,-9.4407
143.86,-9.4755
144.13,-9.3703
144.22,-9.4124
144.04,-9.4971
141.42,-9.8269
141.57,-9.5211
141.56,-9.6146
142.18,-9.5456
142.28,-9.5612
142.18,-9.618
142.35,-9.6848
142.39,-9.7629
142.39,-9.8169
142.34,-9.8484
142.33,-9.8588
142.3,-9.8819
142.27,-9.9187
142.19,-9.9344
142.16,-9.9479
142.23,-9.9755
142.15,-9.9824
142.62,-9.5358
142.59,-9.5444
142.6,-9.5596
142.85,-9.642
142.67,-9.6852
142.68,-9.7069
142.98,-9.7215
142.64,-9.7694
142.63,-9.8023
142.97,-9.8036
142.91,-9.8194
142.71,-9.8371
142.55,-9.8376
142.93,-9.8509
142.77,-9.9044
142.96,-9.9352
143.29,-9.516
143.49,-9.5693
143.11,-9.5862
143.31,-9.6145
143.43,-9.691
143.36,-9.7178
143.43,-9.7512
143.32,-9.7683
143.27,-9.7699
143.41,-9.8293
143.31,-9.8713
143.18,-9.8731
143.4,-9.8772
143.49,-9.891
143.21,-9.8965
143.48,-9.9472
143.29,-9.9602
143.4,-9.963
143.43,-9.9714
143.13,-9.9905
143.03,-10.001
143.55,-9.5166
143.52,-9.5458
143.87,-9.559
143.51,-9.5727
143.66,-9.5754
143.8,-9.5817
143.66,-9.6168
143.6,-9.6243
143.78,-9.6417
143.62,-9.6564
143.65,-9.6753
143.68,-9.6799
143.7,-9.6851
143.8,-9.6948
143.72,-9.698
143.85,-9.7027
143.63,-9.7187
143.55,-9.727
143.69,-9.7297
143.85,-9.7446
143.81,-9.7697
143.89,-9.7779
143.81,-9.7831
143.79,-9.7885
143.67,-9.8092
143.72,-9.809
143.8,-9.8098
143.54,-9.829
143.68,-9.8315
143.57,-9.8328
143.65,-9.8367
143.51,-9.8403
143.61,-9.8503
143.83,-9.8834
143.75,-9.8871
143.86,-9.8946
143.99,-9.9025
144,-9.9266
143.71,-9.9428
143.97,-9.959
143.89,-9.9694
143.82,-9.9813
143.99,-9.9849
143.69,-9.9903
143.97,-9.9909
143.6,-9.9898
144.15,-9.5608
144.19,-9.5684
144.21,-9.5996
144.23,-9.6255
144.2,-9.6373
144.14,-9.6599
144.24,-9.8087
144.04,-9.8294
144.21,-9.8656
144.17,-9.8778
144.03,-9.9098
144.06,-9.9181
144.15,-9.9376
144.03,-9.9479
144.81,-9.6958
143.09,-10.776
142.65,-10.617
142.91,-10.596
142.65,-10.642
142.68,-10.645
142.85,-10.654
142.75,-10.661
142.67,-10.669
142.56,-10.712
142.61,-10.733
142.62,-10.726
142.68,-10.716
142.74,-10.679
142.79,-10.684
142.74,-10.712
142.62,-10.773
142.57,-10.826
142.58,-10.837
142.72,-10.821
142.75,-10.818
142.93,-10.81
142.98,-10.801
142.69,-10.89
142.77,-10.901
142.71,-10.945
143.37,-10.624
143.22,-10.641
143.04,-10.648
143.25,-10.685
143.43,-10.698
143.47,-10.698
143.19,-10.735
143.33,-10.736
143.09,-10.752
143.33,-10.76
143.41,-10.778
143.35,-10.808
143.32,-10.832
143.35,-10.843
143.3,-10.84
143.4,-10.848
143.24,-10.853
143.21,-10.899
143.18,-10.908
143.39,-10.908
143.32,-10.915
143.24,-10.948
143.16,-10.951
143.13,-10.953
143.12,-10.987
143.67,-10.645
143.97,-10.684
143.78,-10.697
143.96,-10.705
143.98,-10.708
143.96,-10.723
143.98,-10.723
143.5,-10.699
143.97,-10.736
143.98,-10.737
143.99,-10.751
143.65,-10.802
143.5,-10.771
143.98,-10.776
143.99,-10.783
144,-10.792
144.01,-10.806
144,-10.824
143.82,-10.826
143.83,-10.827
144.02,-10.845
144,-10.872
143.79,-10.872
143.49,-10.812
144.02,-10.888
143.56,-10.899
144.02,-10.926
144.03,-10.961
144.03,-10.994
144.01,-11.013
144,-11.023
141.55,-10.359
142.13,-10.021
142.13,-10.032
142.45,-10.045
142.07,-10.044
142.07,-10.071
142.26,-10.075
142.33,-10.084
142.14,-10.11
142.49,-10.111
142.35,-10.113
142.27,-10.183
142.11,-10.195
142.16,-10.215
142.13,-10.232
142.49,-10.238
142.14,-10.249
142.48,-10.255
142.08,-10.255
142.2,-10.292
142.13,-10.322
142.08,-10.324
142.1,-10.327
142.06,-10.339
142.22,-10.347
142.11,-10.35
142.05,-10.359
142.2,-10.362
142.36,-10.37
142.13,-10.369
142.11,-10.405
142.19,-10.424
142.2,-10.454
142.44,-10.463
142.04,-10.47
142.17,-10.474
142.22,-10.484
142.44,-10.499
142.04,-10.499
142.94,-10.041
142.87,-10.044
142.83,-10.102
142.88,-10.159
142.51,-10.161
142.68,-10.171
142.51,-10.189
142.84,-10.213
142.84,-10.259
142.69,-10.296
142.84,-10.339
143.47,-10.022
143.43,-10.023
143.48,-10.022
143.5,-10.046
143.12,-10.057
143.08,-10.058
143.17,-10.062
143.16,-10.106
143.32,-10.111
143.05,-10.125
143.36,-10.127
143.34,-10.141
143.45,-10.175
143.23,-10.175
143.49,-10.254
143.11,-10.257
143.34,-10.277
143.11,-10.296
143.39,-10.32
143.25,-10.336
143.32,-10.389
143.25,-10.414
143.38,-10.443
143.48,-10.453
143.14,-10.476
143.29,-10.481
143.48,-10.496
143.53,-10.007
143.85,-10.015
143.98,-10.018
143.55,-10.023
143.8,-10.026
143.5,-10.06
143.59,-10.068
143.66,-10.075
143.81,-10.083
143.66,-10.083
143.76,-10.084
143.68,-10.101
143.73,-10.097
143.74,-10.105
143.82,-10.117
143.63,-10.119
143.76,-10.127
143.79,-10.146
143.72,-10.157
143.94,-10.16
144,-10.168
143.69,-10.185
143.98,-10.186
143.81,-10.189
143.96,-10.21
143.74,-10.215
143.55,-10.224
143.59,-10.227
143.63,-10.228
143.96,-10.235
143.96,-10.261
143.78,-10.267
143.95,-10.272
143.55,-10.273
143.95,-10.285
143.7,-10.293
143.93,-10.316
143.94,-10.345
143.94,-10.358
143.93,-10.372
143.93,-10.379
143.92,-10.39
143.93,-10.409
143.69,-10.423
143.74,-10.43
143.93,-10.435
143.59,-10.442
143.92,-10.454
143.67,-10.464
143.93,-10.467
143.91,-10.476
143.91,-10.484
143.67,-10.486
143.92,-10.495
143.73,-10.496
144.11,-9.9992
144.08,-10.025
144.06,-10.059
144.03,-10.08
144.03,-10.1
144.02,-10.111
144.01,-10.128
144,-10.144
144,-10.154
144.46,-10.27
144.69,-10.006
144.66,-10.112
142.17,-10.514
142.29,-10.514
142.3,-10.532
142.18,-10.543
142.21,-10.552
142.34,-10.553
142.16,-10.564
142.17,-10.576
142.21,-10.581
142.28,-10.604
142.14,-10.615
142.28,-10.692
142.38,-10.704
142.14,-10.711
142.35,-10.71
142.44,-10.71
142.37,-10.715
142.29,-10.724
142.41,-10.731
142.39,-10.737
142.42,-10.741
142.25,-10.741
142.41,-10.746
142.22,-10.746
142.39,-10.761
142.37,-10.766
142.21,-10.767
142.39,-10.77
142.4,-10.774
142.32,-10.84
142.35,-10.845
142.02,-10.851
142.03,-10.884
142.34,-10.888
142.62,-10.598
142.61,-10.611
142.62,-10.614
142.52,-10.614
142.56,-10.723
142.58,-10.729
142.61,-10.759
142.59,-10.783
142.58,-10.801
142.55,-10.836
143.42,-10.502
143.1,-10.527
143.36,-10.543
143.26,-10.565
143.46,-10.565
143.42,-10.568
143.49,-10.597
143.09,-10.599
143.3,-10.613
143.47,-10.626
143.44,-10.627
143.89,-10.507
143.92,-10.518
143.92,-10.545
143.52,-10.546
143.7,-10.546
143.92,-10.556
143.92,-10.575
143.93,-10.589
143.91,-10.598
143.93,-10.602
143.92,-10.616
143.9,-10.619
143.94,-10.621
143.95,-10.651
143.96,-10.667
143.95,-10.68
142.99,-11.006
142.79,-11.072
142.81,-11.251
142.87,-11.258
142.93,-11.252
142.87,-11.373
142.96,-11.388
142.84,-11.427
143.25,-11.027
143.69,-11.622
143.67,-11.675
143.09,-11.073
143.03,-11.117
143.26,-11.133
143.1,-11.174
143.03,-11.183
143.21,-11.194
143.36,-11.231
143,-11.244
143.26,-11.242
143.15,-11.271
143.2,-11.3
143.13,-11.343
143.33,-11.322
143.33,-11.361
143.16,-11.378
143.07,-11.391
143.03,-11.387
143.16,-11.435
143.04,-11.456
143.3,-11.481
143.12,-11.469
143.16,-11.473
143.07,-11.483
143.04,-11.489
143.03,-11.5
143.81,-11.323
143.99,-11.285
144,-11.284
144,-11.295
143.98,-11.298
143.98,-11.309
143.96,-11.324
143.98,-11.329
143.95,-11.348
143.95,-11.358
143.97,-11.364
143.95,-11.365
143.96,-11.367
143.95,-11.373
143.96,-11.384
143.96,-11.394
143.96,-11.404
143.79,-11.394
143.78,-11.407
143.97,-11.413
143.97,-11.416
143.97,-11.422
143.97,-11.429
143.78,-11.426
143.77,-11.458
143.97,-11.465
143.62,-11.47
143.94,-11.485
144.02,-11.48
143.9,-11.48
143.92,-11.496
143.86,-11.494
144,-11.031
144.02,-11.039
144.02,-11.051
144.04,-11.054
144.04,-11.07
144.04,-11.104
144.04,-11.133
144.06,-11.149
144.06,-11.187
144.05,-11.196
144.05,-11.202
144.05,-11.21
144.05,-11.22
144.07,-11.256
144.02,-11.272
144.02,-11.279
144.03,-11.283
144.04,-11.282
144.04,-11.425
144.07,-11.493
142.87,-11.513
142.85,-11.564
142.9,-11.592
142.86,-11.628
142.94,-11.599
142.91,-11.652
142.99,-11.734
142.97,-11.762
142.9,-11.77
142.91,-11.772
142.93,-11.773
142.95,-11.77
142.88,-11.782
142.86,-11.801
142.94,-11.807
142.9,-11.81
142.89,-11.828
142.88,-11.845
142.94,-11.845
142.99,-11.864
142.91,-11.867
142.97,-11.886
143.08,-11.518
143.18,-11.534
143.02,-11.552
143.23,-11.581
143.18,-11.59
143.4,-11.587
143.01,-11.595
143.29,-11.605
143.33,-11.642
143.19,-11.712
143.25,-11.734
NaN,NaN
143.08,-11.793
143.26,-11.805
143.36,-11.845
143.29,-11.869
143.29,-11.875
143.11,-11.893
143.13,-11.905
143.44,-11.932
143.27,-11.954
143.27,-11.964
143.27,-11.972
143.29,-11.971
143.25,-11.973
143.23,-11.969
143.27,-11.986
143.25,-11.992
143.24,-12
143.96,-11.514
143.87,-11.515
143.66,-11.52
143.87,-11.533
143.88,-11.528
143.86,-11.542
143.86,-11.551
143.91,-11.533
143.97,-11.523
143.9,-11.543
143.86,-11.561
143.88,-11.557
143.87,-11.572
143.72,-11.568
143.85,-11.594
143.51,-11.584
143.88,-11.631
143.66,-11.77
143.89,-11.77
143.87,-11.783
143.87,-11.792
143.86,-11.802
143.87,-11.808
143.97,-11.802
143.85,-11.832
143.82,-11.856
143.83,-11.861
143.83,-11.873
143.64,-11.887
143.68,-11.89
143.83,-11.884
143.83,-11.899
143.69,-11.927
143.85,-11.927
143.87,-11.954
143.98,-11.949
143.88,-11.982
144.04,-11.596
144.04,-11.758
142.84,-11.485
143.3,-12.032
143.46,-12.113
143.26,-12.099
143.22,-12.126
143.27,-12.141
143.38,-12.147
143.11,-12.19
143.13,-12.235
143.28,-12.232
143.2,-12.245
143.24,-12.252
143.27,-12.247
143.3,-12.274
143.45,-12.298
143.21,-12.359
143.49,-12.379
143.47,-12.461
143.91,-11.996
143.91,-11.998
143.43,-11.99
143.92,-12.006
143.95,-12.021
143.85,-12.035
143.87,-12.04
143.9,-12.048
143.83,-12.043
143.96,-12.066
143.92,-12.057
143.82,-12.053
143.81,-12.074
143.8,-12.097
143.81,-12.134
143.79,-12.16
143.8,-12.173
143.78,-12.196
143.79,-12.21
143.85,-12.223
143.82,-12.224
143.87,-12.241
143.89,-12.246
143.9,-12.285
143.83,-12.341
143.79,-12.365
143.76,-12.39
143.75,-12.414
143.77,-12.414
143.84,-12.416
143.75,-12.439
143.76,-12.468
143.76,-12.485
143.77,-12.492
143.32,-12.553
143.39,-12.586
143.43,-12.613
143.42,-12.655
143.45,-12.661
143.4,-12.714
143.4,-12.755
143.47,-12.78
143.37,-12.778
143.49,-12.783
143.77,-12.517
143.6,-12.521
143.79,-12.535
143.78,-12.571
143.79,-12.578
143.79,-12.584
143.86,-12.585
143.7,-12.783
143.81,-12.601
143.52,-12.594
143.83,-12.637
143.56,-12.642
143.84,-12.684
143.81,-12.697
143.82,-12.697
143.81,-12.707
143.81,-12.723
143.61,-12.715
143.79,-12.748
143.81,-12.76
143.6,-12.767
143.8,-12.799
143.83,-12.833
143.61,-12.812
143.7,-12.875
143.82,-12.896
143.6,-12.888
143.53,-12.923
143.82,-12.935
143.82,-12.95
143.83,-12.968
143.85,-13
143.61,-12.992
143.86,-13.024
143.54,-13.032
143.87,-13.041
143.63,-13.044
143.52,-13.032
143.56,-13.066
143.7,-13.068
143.9,-13.073
143.93,-13.081
143.51,-13.111
143.56,-13.11
143.73,-13.098
143.65,-13.11
143.64,-13.153
143.61,-13.152
143.66,-13.164
143.77,-13.168
143.96,-13.154
143.53,-13.175
143.57,-13.185
143.74,-13.235
143.57,-13.219
143.94,-13.276
143.69,-13.28
143.53,-13.294
143.6,-13.278
143.67,-13.309
143.97,-13.324
143.73,-13.328
143.6,-13.331
143.78,-13.337
143.96,-13.369
143.7,-13.379
143.75,-13.413
143.97,-13.415
143.82,-13.425
143.63,-13.456
143.62,-13.469
143.74,-13.487
144.05,-13.478
143.65,-13.544
143.8,-13.523
143.86,-13.544
143.92,-13.642
143.83,-13.657
143.56,-13.646
143.73,-13.654
143.69,-13.671
143.81,-13.704
143.56,-13.728
143.83,-13.758
143.9,-13.744
143.94,-13.76
143.64,-13.773
143.55,-13.77
143.96,-13.798
143.72,-13.867
143.94,-13.867
143.64,-13.885
143.6,-13.886
143.89,-13.909
143.84,-13.917
143.96,-13.88
143.62,-13.927
143.75,-13.946
143.84,-13.963
143.68,-13.973
144.09,-13.545
144.1,-13.599
144.1,-13.63
144.16,-13.678
144.23,-13.735
144.27,-13.781
144.02,-13.863
144.13,-13.857
144.08,-13.869
144.31,-13.867
144.35,-13.923
144.35,-13.948
144.4,-13.953
144.45,-13.979
144.57,-13.963
144.52,-13.982
143.69,-14.033
143.98,-14.005
143.86,-14.065
143.91,-14.079
143.71,-14.138
143.79,-14.227
143.73,-14.257
143.78,-14.29
144.11,-13.977
144.24,-14.069
144,-14.129
144.23,-14.159
144.74,-14.181
144.24,-14.21
144.22,-14.218
144.27,-14.222
144.35,-14.272
144.74,-14.038
144.67,-14.089
144.52,-14.122
144.64,-14.153
144.26,-14.179
144.8,-14.181
144.89,-14.201
144.93,-14.213
144.96,-14.228
144.74,-14.25
144.69,-14.299
144.79,-14.311
144.86,-14.323
144.74,-14.319
144.96,-14.329
144.71,-14.336
144.59,-14.336
144.59,-14.323
144.65,-14.344
144.76,-14.361
144.96,-14.378
144.95,-14.415
144.89,-14.427
144.96,-14.458
144.63,-14.442
144.89,-14.466
144.69,-14.478
144.64,-14.477
144.96,-14.479
145,-14.234
145.07,-14.269
145.16,-14.291
145.24,-14.314
145.28,-14.343
145.35,-14.377
145.02,-14.367
145.03,-14.4
145.08,-14.433
145.34,-14.434
145.04,-14.445
145.41,-14.443
145.48,-14.457
145.02,-14.474
145.2,-14.471
145.54,-14.499
144.97,-14.504
144.76,-14.506
144.91,-14.506
144.85,-14.518
144.97,-14.526
144.86,-14.541
144.99,-14.542
144.92,-14.544
144.87,-14.55
144.85,-14.55
144.9,-14.555
144.89,-14.564
144.92,-14.573
144.93,-14.616
144.92,-14.632
144.95,-14.685
144.99,-14.719
144.95,-14.722
145.16,-14.508
145.25,-14.655
145.45,-14.688
145.38,-14.714
145.16,-14.719
145.19,-14.725
145.09,-14.736
145.35,-14.763
145.09,-14.782
145.34,-14.787
145.13,-14.8
145.19,-14.824
145.27,-14.853
145.5,-14.864
145.51,-14.918
145.48,-14.896
145.49,-14.945
145.33,-14.947
145.59,-14.551
145.62,-14.602
145.65,-14.65
145.54,-14.709
145.58,-14.733
145.51,-14.742
145.54,-14.787
145.58,-14.783
145.71,-14.809
145.52,-14.82
145.55,-14.825
145.61,-14.849
145.56,-14.885
145.69,-14.922
145.68,-14.933
145.69,-14.951
145.71,-14.991
145.44,-15.025
145.38,-15.099
145.27,-15.098
145.42,-15.115
145.32,-15.139
145.25,-15.157
145.27,-15.16
145.5,-15.167
145.25,-15.176
145.34,-15.216
145.43,-15.414
145.42,-15.476
145.29,-15.481
145.57,-15.006
145.69,-15.034
145.53,-15.045
145.57,-15.051
145.72,-15.078
145.64,-15.099
145.67,-15.095
145.58,-15.146
145.69,-15.138
145.74,-15.188
145.62,-15.199
145.56,-15.211
145.72,-15.242
145.53,-15.245
145.58,-15.252
145.75,-15.281
145.59,-15.294
145.76,-15.314
145.64,-15.319
145.65,-15.332
145.75,-15.335
145.78,-15.366
145.59,-15.366
145.76,-15.39
145.77,-15.402
145.51,-15.429
145.61,-15.43
145.66,-15.432
145.8,-15.437
145.68,-15.464
145.66,-15.486
145.5,-15.488
145.8,-15.491
145.32,-15.505
145.35,-15.537
145.33,-15.608
145.43,-15.641
145.32,-15.637
145.36,-15.732
145.43,-15.71
145.44,-15.71
145.41,-15.713
145.4,-15.713
145.44,-15.742
145.46,-15.737
145.4,-15.934
145.37,-15.922
145.39,-15.913
145.44,-15.996
145.62,-15.506
145.55,-15.511
145.78,-15.516
145.78,-15.533
145.64,-15.537
145.79,-15.56
145.6,-15.562
145.66,-15.56
145.55,-15.572
145.8,-15.608
145.52,-15.61
145.66,-15.622
145.71,-15.647
145.81,-15.65
145.51,-15.674
145.8,-15.719
145.78,-15.753
145.57,-15.778
145.81,-15.789
145.77,-15.824
145.82,-15.828
145.57,-15.871
145.8,-15.88
145.66,-15.907
145.82,-15.951
145.67,-15.974
145.84,-16.02
NaN,NaN
145.47,-16.058
145.47,-16.105
145.5,-16.3
145.43,-16.363
145.43,-16.399
145.42,-16.443
145.45,-16.471
145.76,-16.007
145.8,-16.023
145.7,-16.023
145.65,-16.047
145.73,-16.058
145.72,-16.081
145.75,-16.082
145.83,-16.109
145.7,-16.124
145.64,-16.184
145.71,-16.194
145.89,-16.218
145.79,-16.321
145.77,-16.358
145.56,-16.389
145.77,-16.417
146,-16.429
145.69,-16.444
145.98,-16.466
145.53,-16.529
145.54,-16.533
145.5,-16.542
145.86,-16.547
145.97,-16.586
145.94,-16.638
145.99,-16.653
145.58,-16.651
145.94,-16.678
145.69,-16.735
145.98,-16.764
145.9,-16.885
145.96,-16.901
NaN,NaN
145.99,-16.926
NaN,NaN
146.01,-16.519
146.02,-16.586
146.25,-16.686
146.04,-16.699
146.27,-16.735
146.27,-16.79
146.19,-16.809
146.35,-16.854
146.22,-16.876
146.39,-16.878
146.24,-16.92
146.21,-16.939
146.45,-16.939
145.55,-16.56
145.53,-16.567
145.53,-16.594
146.21,-16.994
146.19,-17.076
146.41,-17.101
146.34,-17.106
146.47,-17.13
146.01,-17.158
146.29,-17.185
146.37,-17.198
146.47,-17.241
146.45,-17.29
146.37,-17.294
146.39,-17.395
146.48,-17.445
146.45,-17.454
146.46,-17.477
146.4,-17.484
146.54,-17.45
146.51,-17.441
146.38,-17.536
146.51,-17.528
146.47,-17.609
146.15,-17.641
146.47,-17.657
146.4,-17.725
NaN,NaN
146.15,-17.753
146.44,-17.774
146.13,-17.778
146.11,-17.811
NaN,NaN
146.49,-17.85
146.12,-17.858
146.15,-17.955
146.14,-17.966
146.13,-17.975
146.1,-17.977
146.58,-17.584
146.55,-17.695
146.5,-17.738
146.51,-17.747
146.64,-17.778
146.52,-17.791
146.55,-17.833
146.73,-17.877
146.61,-17.888
146.61,-17.972
146.8,-17.946
146.77,-17.995
146.15,-18.01
146.17,-18.027
146.18,-18.041
146.2,-18.042
146.2,-18.053
146.29,-18.15
146.16,-18.17
146.14,-18.183
146.32,-18.237
146.83,-18.013
146.79,-18.037
146.58,-18.049
146.86,-18.053
146.79,-18.094
146.76,-18.119
146.97,-18.132
146.74,-18.232
146.9,-18.258
146.75,-18.327
146.82,-18.361
146.71,-18.416
146.99,-18.435
146.99,-18.471
146.87,-18.483
147.02,-18.211
147.39,-18.268
147.2,-18.361
147.45,-18.413
147.14,-18.417
147.35,-18.424
147.05,-18.432
147.04,-18.499
147.1,-18.489
147.52,-18.436
146.49,-18.559
146.49,-18.62
146.33,-18.687
146.43,-18.816
146.56,-18.68
146.51,-18.676
146.62,-18.741
146.55,-18.768
146.52,-18.777
146.53,-18.78
146.52,-18.832
146.53,-18.846
146.63,-18.965
147.15,-18.515
147.44,-18.497
147.4,-18.528
147.19,-18.552
147.5,-18.563
147.05,-18.632
147.3,-18.625
147.42,-18.635
147.1,-18.693
147.27,-18.749
147.54,-18.504
147.57,-18.583
147.57,-18.617
147.6,-18.644
147.56,-18.659
147.71,-18.663
147.86,-18.696
147.54,-18.732
147.89,-18.725
147.84,-18.733
147.71,-18.781
147.95,-18.754
147.93,-18.76
147.87,-18.775
147.53,-18.8
147.65,-18.823
147.89,-18.859
147.74,-18.913
147.96,-18.902
147.89,-18.908
147.9,-18.931
147.7,-18.968
148.03,-18.819
148.08,-18.856
148.15,-18.875
148.25,-18.926
148.08,-18.953
148.38,-18.951
148.43,-18.978
146.34,-18.936
146.63,-19.03
146.61,-19.041
146.83,-19.163
146.84,-19.189
146.81,-19.199
147.06,-19.181
147.93,-19.037
148.11,-19.019
148.33,-19.019
148.45,-19.043
148.3,-19.05
148.18,-19.06
148.08,-19.073
148.2,-19.078
148.23,-19.076
148.25,-19.093
148.29,-19.098
148.33,-19.095
148.3,-19.11
148.4,-19.156
148.19,-19.123
148.18,-19.133
148.16,-19.186
148.09,-19.209
148.22,-19.211
148.35,-19.281
148.09,-19.297
148.44,-19.326
148.34,-19.369
148.09,-19.382
148.56,-19.028
148.7,-19.092
148.7,-19.114
148.91,-19.122
148.83,-19.127
148.56,-19.172
148.93,-19.167
148.59,-19.201
148.96,-19.187
148.88,-19.188
148.9,-19.216
148.6,-19.248
148.99,-19.264
148.63,-19.327
148.64,-19.341
148.64,-19.358
148.68,-19.386
148.67,-19.432
148.75,-19.459
148.86,-19.428
148.82,-19.484
148.9,-19.493
149.03,-19.206
149.1,-19.228
149.25,-19.315
149.05,-19.339
149.41,-19.342
149.21,-19.48
149.17,-19.491
149.08,-19.513
149.12,-19.502
149.64,-19.466
147.76,-19.728
147.89,-19.856
148.36,-19.727
148.98,-19.528
148.88,-19.535
148.94,-19.549
148.56,-19.996
149.22,-19.516
149.23,-19.528
149,-19.529
149.03,-19.531
149.27,-19.545
149.36,-19.534
149.39,-19.534
149.37,-19.547
149.35,-19.549
149.25,-19.587
149.24,-19.592
149.49,-19.574
149.41,-19.665
149.39,-19.723
149.19,-19.694
149.3,-19.752
149.33,-19.751
149.37,-19.763
149.4,-19.762
149.2,-19.719
149.48,-19.754
149.23,-19.763
149.2,-19.796
149.07,-19.809
149.42,-19.802
149.59,-19.518
149.74,-19.529
149.6,-19.56
149.66,-19.573
149.57,-19.584
149.51,-19.589
149.63,-19.599
149.66,-19.629
149.77,-19.604
149.72,-19.612
149.85,-19.619
149.88,-19.634
149.76,-19.641
149.84,-19.643
149.71,-19.659
149.75,-19.664
149.58,-19.669
149.7,-19.676
149.93,-19.672
149.66,-19.691
149.73,-19.688
149.78,-19.691
149.91,-19.7
149.98,-19.695
149.61,-19.714
149.61,-19.722
149.74,-19.71
149.76,-19.713
149.92,-19.71
149.97,-19.71
149.71,-19.727
149.96,-19.734
149.78,-19.736
149.68,-19.743
149.73,-19.764
149.65,-19.762
149.66,-19.766
149.66,-19.784
149.63,-19.79
149.76,-19.786
149.7,-19.795
149.71,-19.801
149.62,-19.82
149.77,-19.827
149.89,-19.847
149.6,-19.86
149.58,-19.877
149.73,-19.878
149.62,-19.966
149.73,-20.013
150.01,-19.712
150.08,-19.759
150.12,-19.78
150.15,-19.805
150.09,-19.814
150.08,-19.826
150.18,-19.83
150.22,-19.874
150.24,-19.894
150.16,-19.905
150.2,-19.923
150.27,-19.914
150.31,-19.927
150.33,-19.938
150.33,-19.946
150.35,-19.958
150.21,-19.957
150.34,-19.977
150.24,-19.994
148.27,-20.015
148.27,-20.024
148.47,-20.056
148.28,-20.04
148.26,-20.061
148.48,-20.074
148.62,-20.021
148.63,-20.028
148.89,-20.067
148.54,-20.069
148.53,-20.09
148.89,-20.084
148.88,-20.091
148.61,-20.103
148.57,-20.108
148.65,-20.11
148.71,-20.109
148.56,-20.123
148.61,-20.132
148.92,-20.12
148.58,-20.149
148.61,-20.154
148.81,-20.22
148.81,-20.263
148.73,-20.251
148.92,-20.271
148.98,-20.279
148.84,-20.259
148.77,-20.233
NaN,NaN
148.79,-20.3
148.8,-20.31
148.96,-20.353
148.93,-20.342
148.86,-20.372
148.83,-20.378
NaN,NaN
149.03,-20.173
149.01,-20.17
149.08,-20.262
149.1,-20.271
149.01,-20.421
149.07,-20.157
149.04,-20.449
149.01,-20.449
149.1,-20.463
149.04,-20.47
149.03,-20.421
149.06,-20.498
149.83,-20.016
149.69,-20.033
149.81,-20.065
149.95,-20.037
149.93,-20.068
149.92,-20.102
149.97,-20.098
149.94,-20.134
150.32,-20.009
150.24,-20.029
150.01,-20.025
150.01,-20.078
150.41,-20.089
150.32,-20.105
150.39,-20.086
150.43,-20.122
150.38,-20.116
150.2,-20.106
150.01,-20.127
150.09,-20.208
150.38,-20.159
150.44,-20.143
150.47,-20.193
150.11,-20.298
150.13,-20.345
150.07,-20.351
150.09,-20.35
150.2,-20.341
150.07,-20.371
150.13,-20.402
150.2,-20.409
150.24,-20.403
150.24,-20.448
150.15,-20.483
150.21,-20.477
150.29,-20.47
150.55,-20.235
150.51,-20.261
150.56,-20.284
150.61,-20.303
150.57,-20.332
150.61,-20.355
150.71,-20.352
150.75,-20.38
150.68,-20.376
150.59,-20.401
150.61,-20.398
150.7,-20.419
150.72,-20.449
150.89,-20.438
150.64,-20.504
150.72,-20.488
150.83,-20.498
148.8,-20.507
148.8,-20.515
148.93,-20.525
148.87,-20.587
148.72,-20.628
148.73,-20.649
148.76,-20.673
148.76,-20.687
148.74,-20.697
148.78,-20.73
148.79,-20.752
148.8,-20.768
148.85,-20.791
148.88,-20.796
148.87,-20.806
148.84,-20.825
148.88,-20.823
148.9,-20.822
148.89,-20.828
148.93,-20.843
148.94,-20.862
148.92,-20.847
148.96,-20.871
148.99,-20.891
149.09,-20.51
149.08,-20.525
149.09,-20.537
149.11,-20.54
150.8,-20.627
149.15,-20.68
149.11,-20.588
149.19,-20.602
149.15,-20.657
149.07,-20.665
149.09,-20.675
149.19,-20.687
149.2,-20.699
149.14,-20.71
149.15,-20.736
149.47,-20.742
149.43,-20.768
149.4,-20.781
149.27,-20.813
149.03,-20.899
149.06,-20.918
149.4,-20.92
149.43,-20.915
149.15,-20.988
149.75,-20.542
149.95,-20.542
149.93,-20.562
150.05,-20.564
150.12,-20.575
150.24,-20.518
150.38,-20.536
150.38,-20.6
150.46,-20.655
150.46,-20.636
150.26,-20.673
150.18,-20.704
150.47,-20.718
150.49,-20.786
150.45,-20.808
150.37,-20.827
150.38,-20.861
150.03,-20.909
150.08,-20.962
150.86,-20.515
150.8,-20.524
150.76,-20.53
150.56,-20.564
150.78,-20.571
150.82,-20.566
150.84,-20.57
150.74,-20.577
150.86,-20.586
150.77,-20.598
150.73,-20.624
150.81,-20.626
150.85,-20.621
150.91,-20.619
150.73,-20.645
150.75,-20.637
150.88,-20.667
150.83,-20.699
150.98,-20.688
150.92,-20.713
150.76,-20.709
150.82,-20.716
150.96,-20.769
150.91,-20.77
150.9,-20.782
150.81,-20.799
150.89,-20.807
150.99,-20.861
150.95,-20.888
150.62,-20.909
151,-20.831
150.53,-20.973
150.66,-20.958
150.92,-20.971
150.95,-20.976
150.99,-20.697
151.11,-20.724
151.02,-20.741
151.07,-20.818
151.09,-20.807
151.19,-20.765
151.2,-20.779
151.16,-20.797
151.01,-20.82
151.19,-20.864
151.23,-20.848
151.25,-20.892
151.04,-20.924
151.3,-20.885
151.21,-20.933
151.31,-20.941
151.18,-20.962
151.25,-20.972
151.34,-20.983
151.39,-20.972
151.3,-20.988
151.48,-20.994
151.97,-20.896
152.18,-20.931
152.07,-20.945
152.25,-20.951
152.28,-20.958
152.39,-20.987
152.06,-20.986
152.09,-20.991
152.11,-21.004
149.98,-20.31
149.24,-21.162
149.27,-21.268
149.28,-21.275
149.32,-21.331
149.32,-21.373
149.33,-21.414
149.34,-21.432
149.49,-21.426
149.49,-21.469
149.39,-21.476
149.4,-21.5
149.9,-21.019
149.81,-21.39
149.82,-21.468
150.08,-21.027
150.37,-21.031
150.26,-21.067
150.46,-21.082
150.48,-21.123
150.59,-21.015
150.69,-21.059
150.86,-21.034
150.92,-21.028
150.78,-21.06
150.83,-21.077
150.9,-21.117
150.83,-21.13
151,-21.115
150.79,-21.135
150.76,-21.137
150.66,-21.171
150.84,-21.159
150.93,-21.164
150.87,-21.189
150.93,-21.193
150.82,-21.202
150.79,-21.214
150.77,-21.228
150.88,-21.226
150.89,-21.248
150.93,-21.279
150.76,-21.334
150.98,-21.394
151.33,-21.024
151.42,-21.015
151.44,-21.013
151.55,-21.044
151.16,-21.014
151.1,-21.032
151.15,-21.038
151.41,-21.037
151.48,-21.037
151.42,-21.044
151.38,-21.051
151.07,-21.073
151.5,-21.045
151.37,-21.081
151.24,-21.105
151.47,-21.106
151.22,-21.122
151.21,-21.128
151.14,-21.124
151.07,-21.124
151.18,-21.14
151.35,-21.142
151.3,-21.158
151.36,-21.168
151.43,-21.17
151.03,-21.174
151.01,-21.215
151.22,-21.206
151.28,-21.205
151.19,-21.22
151.42,-21.216
151.4,-21.242
151.3,-21.25
151.18,-21.259
151.13,-21.258
151.38,-21.266
151.11,-21.301
151.16,-21.319
151.09,-21.353
151.27,-21.35
151.37,-21.377
151.33,-21.4
151.25,-21.381
151.27,-21.39
151.47,-21.37
151.42,-21.387
151.42,-21.404
151.41,-21.433
151.47,-21.476
151.28,-21.487
151.19,-21.491
151.53,-21.014
151.56,-21.044
151.57,-21.051
151.61,-21.073
151.64,-21.083
151.66,-21.071
151.68,-21.085
151.71,-21.101
151.73,-21.108
151.75,-21.117
151.77,-21.122
151.58,-21.128
151.56,-21.155
151.69,-21.161
151.71,-21.152
151.76,-21.15
151.77,-21.151
151.8,-21.164
151.56,-21.183
151.82,-21.182
151.54,-21.207
151.57,-21.21
151.53,-21.218
151.82,-21.197
151.98,-21.211
151.55,-21.231
151.98,-21.227
151.69,-21.24
151.67,-21.246
151.55,-21.255
151.84,-21.242
151.55,-21.304
151.64,-21.325
151.6,-21.337
151.7,-21.334
151.62,-21.339
151.72,-21.349
151.83,-21.344
151.86,-21.376
151.67,-21.381
151.71,-21.376
151.7,-21.383
151.9,-21.401
151.79,-21.414
151.63,-21.418
151.58,-21.446
151.67,-21.453
151.91,-21.449
151.85,-21.462
152.47,-21.003
152.49,-21.008
152.2,-21.02
152.23,-21.021
152.08,-21.034
152.09,-21.04
152.2,-21.051
152.19,-21.062
152.23,-21.065
152.46,-21.064
152.2,-21.075
152.24,-21.087
152.28,-21.087
152.5,-21.086
152.49,-21.101
152.14,-21.091
152.16,-21.101
152.26,-21.101
152.31,-21.103
152.35,-21.103
152.16,-21.104
152.2,-21.102
152.08,-21.108
152.32,-21.117
152.39,-21.122
152.47,-21.126
152.48,-21.133
152.18,-21.138
152.15,-21.163
152.43,-21.144
152.31,-21.155
152.19,-21.171
152.48,-21.165
152.1,-21.201
152.37,-21.178
152.4,-21.177
152.3,-21.184
152.46,-21.184
152.33,-21.192
152.31,-21.201
152.5,-21.206
152.24,-21.213
152.01,-21.22
152.41,-21.234
152.47,-21.241
152.51,-21.238
152.28,-21.261
152.31,-21.281
152.33,-21.284
152.23,-21.302
152.05,-21.304
152.44,-21.307
152.48,-21.319
152.18,-21.333
152.23,-21.34
152.4,-21.33
152.34,-21.339
152.25,-21.349
152.28,-21.363
152.35,-21.355
152.42,-21.358
152.48,-21.355
152.14,-21.363
152.02,-21.38
152.21,-21.398
152.26,-21.4
152.37,-21.405
152.44,-21.415
152.49,-21.415
152.4,-21.424
152.34,-21.427
152.12,-21.439
152.41,-21.453
152.46,-21.446
152.44,-21.468
152.39,-21.479
152.13,-21.495
152.21,-21.499
152.57,-21.023
152.62,-21.044
152.56,-21.059
152.55,-21.064
152.53,-21.073
152.54,-21.106
152.52,-21.117
152.78,-21.113
152.63,-21.12
152.5,-21.139
152.53,-21.139
152.54,-21.141
152.51,-21.177
152.58,-21.174
152.61,-21.163
152.59,-21.188
152.52,-21.202
152.56,-21.226
152.6,-21.297
152.58,-21.32
152.55,-21.338
152.52,-21.356
152.5,-21.383
152.53,-21.381
152.51,-21.394
152.53,-21.432
152.58,-21.433
152.52,-21.462
152.51,-21.477
152.56,-21.484
152.51,-21.496
149.48,-21.541
149.49,-21.603
149.47,-21.606
149.45,-21.65
149.46,-21.68
149.47,-21.713
149.47,-21.746
149.46,-21.824
149.48,-21.839
149.78,-21.606
149.5,-21.604
149.67,-21.719
149.82,-21.832
149.8,-21.832
149.62,-21.856
149.65,-21.933
149.66,-21.951
149.6,-21.959
149.89,-21.971
149.57,-21.983
149.66,-21.978
149.81,-21.992
149.85,-21.989
150.26,-21.518
150.25,-21.619
150.22,-21.653
150.32,-21.664
150.27,-21.686
150.29,-21.687
150.32,-21.733
150.34,-21.736
150.43,-21.759
150.1,-21.928
150.14,-21.961
150.17,-21.991
150.13,-21.993
151.4,-21.515
151.48,-21.551
151.38,-21.61
151.25,-21.815
151.59,-21.499
151.96,-21.517
151.81,-21.52
151.65,-21.52
151.54,-21.525
151.77,-21.53
151.91,-21.528
151.71,-21.569
151.62,-21.581
151.93,-21.578
151.52,-21.624
151.58,-21.627
151.62,-21.63
151.8,-21.645
151.61,-21.648
151.69,-21.657
151.97,-21.771
151.91,-21.651
151.57,-21.674
151.62,-21.673
151.56,-21.716
151.74,-21.717
151.86,-21.7
151.99,-21.718
151.95,-21.738
151.77,-21.76
151.88,-21.806
151.98,-21.839
151.92,-21.886
152.42,-21.505
152.39,-21.515
152.49,-21.514
152.46,-21.522
152.44,-21.528
152.47,-21.536
152.26,-21.54
152.2,-21.556
152.4,-21.549
152.28,-21.559
152.46,-21.565
152.3,-21.573
152.01,-21.574
152.44,-21.574
152.37,-21.581
152.41,-21.581
152.41,-21.595
152.32,-21.594
152.07,-21.593
152.19,-21.606
152.37,-21.612
152.47,-21.612
152.21,-21.614
152.1,-21.638
152.34,-21.625
152.39,-21.635
152.47,-21.648
152.37,-21.646
152.26,-21.636
152.45,-21.665
152.4,-21.672
152.44,-21.68
152.5,-21.676
152.09,-21.699
152.36,-21.705
152.28,-21.721
152.45,-21.706
152.39,-21.73
152.43,-21.736
152.35,-21.751
152.19,-21.765
152.42,-21.761
152.11,-21.787
152.15,-21.806
152.42,-21.777
152.45,-21.786
152.4,-21.793
152.48,-21.807
152.45,-21.81
152.21,-21.824
152.43,-21.825
152.46,-21.823
152.32,-21.831
152.47,-21.843
152.17,-21.87
152.44,-21.859
152.41,-21.863
152.36,-21.863
152.36,-21.894
152.39,-21.883
152.44,-21.886
152.27,-21.917
152.48,-21.907
152.46,-21.919
152.39,-21.924
152.1,-21.928
152.43,-21.927
152.49,-21.932
152.46,-21.938
152.43,-21.951
152.31,-21.956
152.05,-21.962
152.46,-21.964
152.35,-21.977
152.37,-21.982
152.23,-21.986
152.48,-21.983
152.46,-21.983
152.54,-21.551
152.53,-21.574
152.54,-21.664
152.56,-21.721
152.51,-21.776
152.59,-21.789
152.62,-21.823
152.52,-21.83
152.54,-21.849
152.63,-21.848
152.59,-21.852
152.51,-21.877
152.61,-21.869
152.58,-21.874
152.66,-21.896
152.59,-21.901
152.52,-21.924
152.6,-21.92
152.67,-21.913
152.59,-21.938
152.63,-21.941
152.69,-21.938
152.66,-21.944
152.6,-21.956
152.57,-21.967
152.7,-21.969
152.66,-21.975
152.65,-21.987
152.54,-21.979
152.57,-21.983
150.24,-21.118
149.63,-22.005
149.88,-22.002
149.61,-22.022
149.83,-22.024
149.97,-22.033
149.61,-22.058
149.99,-22.054
149.57,-22.176
149.59,-22.144
149.61,-22.154
149.84,-22.139
149.94,-22.135
149.86,-22.219
149.85,-22.15
149.86,-22.145
149.77,-22.36
149.82,-22.387
150.37,-22.006
150.29,-22.025
150.36,-22.193
150.35,-22.206
150.37,-22.208
150.37,-22.218
150.44,-22.206
150.42,-22.219
150.27,-22.23
150.31,-22.238
150.43,-22.252
150.23,-22.287
150.29,-22.283
150.45,-22.311
150.46,-22.352
150.33,-22.357
150.34,-22.436
150.65,-22.03
150.26,-22.343
150.71,-22.339
150.51,-22.385
150.73,-22.431
152.46,-22.002
152.35,-22.018
152.45,-22.017
152.28,-22.025
152.15,-22.031
152.42,-22.047
152.33,-22.06
152.48,-22.077
152.49,-22.096
152.25,-22.098
152.36,-22.106
152.28,-22.112
152.44,-22.174
152.49,-22.205
152.38,-22.264
152.63,-22.004
152.66,-22.007
152.72,-22.013
152.59,-22.039
152.51,-22.054
152.74,-22.059
152.63,-22.066
152.67,-22.069
152.6,-22.067
152.52,-22.075
152.6,-22.085
152.65,-22.096
152.62,-22.105
152.53,-22.106
152.74,-22.099
152.61,-22.124
152.63,-22.126
152.68,-22.122
152.74,-22.119
152.53,-22.148
152.6,-22.148
152.76,-22.153
152.55,-22.157
152.65,-22.161
152.52,-22.18
152.6,-22.189
152.62,-22.195
152.68,-22.173
152.76,-22.184
152.54,-22.206
152.75,-22.213
152.62,-22.224
152.65,-22.248
152.68,-22.244
152.56,-22.265
152.6,-22.269
152.73,-22.276
152.66,-22.309
152.74,-22.301
152.73,-22.327
152.68,-22.334
152.73,-22.348
152.55,-22.382
152.71,-22.361
152.62,-22.39
150.79,-22.936
150.88,-23.038
150.88,-23.048
150.9,-23.07
150.9,-23.098
150.88,-23.097
150.9,-23.151
150.91,-23.17
150.96,-23.172
150.97,-23.199
150.97,-23.211
150.87,-23.245
150.8,-23.179
150.89,-23.279
150.83,-23.287
150.83,-23.303
150.92,-23.304
150.94,-23.352
150.81,-23.359
151.07,-23.165
151.91,-23.186
151.78,-23.248
151.94,-23.268
151.75,-23.299
151.92,-23.306
151.97,-23.332
151.96,-23.45
151.88,-23.473
152.04,-23.434
152.07,-23.5
151.27,-23.535
151.28,-23.699
151.36,-23.819
151.78,-23.505
151.74,-23.543
151.68,-23.564
152.05,-23.599
152.15,-23.624
152.18,-23.696
152.27,-23.759
152.29,-23.807
152.37,-23.861
152.41,-23.904
150.82,-23.228
151.73,-24.006
151.95,-24.266
152.71,-24.115
151.65,-23.979