ID,a,b,params
1,0.0733,-0.0839,_d67_1111_P5
2,0.0033,-0.0605,_d67_1111_P7
3,0.0159,-0.0975,_d67_1112
4,0.0741,-0.0839,_d67_1112_P5
5,0.0033,-0.0605,_d67_1112_P7
6,0.0159,-0.0975,_d67_1121
7,0.0266,-0.0412,_d67_1121_P5
8,2.26E-04,-0.033,_d67_1121_P7
9,0.0015,-0.0531,_d67_1122
10,0.0269,-0.0408,_d67_1122_P5
11,2.26E-04,-0.033,_d67_1122_P7
12,0.0015,-0.0531,_d67_2111
13,0.0892,-0.0818,_d67_2111_P5
14,0.0051,-0.0532,_d67_2111_P7
15,0.0213,-0.0843,_d67_2112
16,0.0897,-0.0821,_d67_2112_P5
17,0.0051,-0.0532,_d67_2112_P7
18,0.0213,-0.0844,_d67_2121
19,0.0306,-0.0389,_d67_2121_P5
20,3.29E-04,-0.0264,_d67_2121_P7
21,0.0019,-0.0434,_d67_2122
22,0.0308,-0.0389,_d67_2122_P5
23,3.29E-04,-0.0264,_d67_2122_P7
24,0.0019,-0.0434,_d68_1111
25,0.0775,-0.0903,_d68_1111_P5
26,0.004,-0.0735,_d68_1111_P7
27,0.0167,-0.1048,_d68_1112
28,0.0784,-0.09,_d68_1112_P5
29,0.004,-0.0735,_d68_1112_P7
30,0.0167,-0.1048,_d68_1121
31,0.022,-0.0322,_d68_1121_P5
32,1.79E-04,-0.0248,_d68_1121_P7
33,0.0011,-0.0395,_d68_1122
34,0.0221,-0.0313,_d68_1122_P5
35,1.79E-04,-0.0248,_d68_1122_P7
36,0.0011,-0.0396,_d68_2111
37,0.0925,-0.0898,_d68_2111_P5
38,0.0057,-0.063,_d68_2111_P7
39,0.0222,-0.0926,_d68_2112
40,0.093,-0.0901,_d68_2112_P5
41,0.0057,-0.063,_d68_2112_P7
42,0.0222,-0.0926,_d68_2121
43,0.0227,-0.0281,_d68_2121_P5
44,2.61E-04,-0.0198,_d68_2121_P7
45,0.0014,-0.0316,_d68_2122
46,0.0228,-0.0281,_d68_2122_P5
47,2.61E-04,-0.0198,_d68_2122_P7
48,0.0014,-0.0317,_d69_1111
49,0.0625,-0.0743,_d69_1111_P5
50,0.0032,-0.0597,_d69_1111_P7
51,0.0132,-0.0849,_d69_1112
52,0.063,-0.0741,_d69_1112_P5
53,0.0032,-0.0597,_d69_1112_P7
54,0.0132,-0.0849,_d69_1121
55,0.0246,-0.0394,_d69_1121_P5
56,1.99E-04,-0.0291,_d69_1121_P7
57,0.0013,-0.0472,_d69_1122
58,0.0248,-0.0391,_d69_1122_P5
59,1.99E-04,-0.0292,_d69_1122_P7
60,0.0013,-0.0472,_d69_2111
61,0.0683,-0.067,_d69_2111_P5
62,0.0041,-0.0449,_d69_2111_P7
63,0.0163,-0.0694,_d69_2112
64,0.0684,-0.067,_d69_2112_P5
65,0.0041,-0.0449,_d69_2112_P7
66,0.0163,-0.0694,_d69_2121
67,0.0277,-0.0362,_d69_2121_P5
68,2.90E-04,-0.0229,_d69_2121_P7
69,0.0017,-0.0393,_d69_2122
70,0.0278,-0.0362,_d69_2122_P5
71,2.90E-04,-0.0229,_d69_2122_P7
72,0.0017,-0.0393,_d70_1111
73,0.0639,-0.0778,_d70_1111_P5
74,0.0028,-0.0533,_d70_1111_P7
75,0.0133,-0.09,_d70_1112
76,0.064,-0.0771,_d70_1112_P5
77,0.0028,-0.0532,_d70_1112_P7
78,0.0133,-0.09,_d70_1121
79,0.0233,-0.0368,_d70_1121_P5
80,2.30E-04,-0.0336,_d70_1121_P7
81,0.0017,-4.6325,_d70_1122
82,0.0233,-0.036,_d70_1122_P5
83,2.30E-04,-0.0336,_d70_1122_P7
84,0.0012,-0.0455,_d70_2111
85,0.0762,-0.0767,_d70_2111_P5
86,0.0043,-0.0479,_d70_2111_P7
87,0.018,-0.0788,_d70_2112
88,0.0762,-0.0766,_d70_2112_P5
89,0.0043,-0.0479,_d70_2112_P7
90,0.018,-0.0788,_d70_2121
91,0.0245,-0.0327,_d70_2121_P5
92,2.93E-04,-0.0237,_d70_2121_P7
93,0.0023,-4.6233,_d70_2122
94,0.0244,-0.0325,_d70_2122_P5
95,2.93E-04,-0.0237,_d70_2122_P7
96,0.0015,-0.0359,_d71_1111
97,0.0548,-0.0685,_d71_1111_P5
98,0.0025,-0.0475,_d71_1111_P7
99,0.0118,-0.0805,_d71_1112
100,0.0552,-0.0685,_d71_1112_P5
101,0.0025,-0.0475,_d71_1112_P7
102,0.0118,-0.0805,_d71_1121
103,0.0211,-0.0352,_d71_1121_P5
104,2.10E-04,-0.0318,_d71_1121_P7
105,0.0011,-0.0442,_d71_1122
106,0.0211,-0.0349,_d71_1122_P5
107,2.10E-04,-0.0318,_d71_1122_P7
108,0.0011,-0.0442,_d71_2111
109,0.0606,-0.0618,_d71_2111_P5
110,0.0032,-0.0363,_d71_2111_P7
111,0.0146,-0.0645,_d71_2112
112,0.0607,-0.0618,_d71_2112_P5
113,0.0032,-0.0363,_d71_2112_P7
114,0.0146,-0.0645,_d71_2121
115,0.0213,-0.0288,_d71_2121_P5
116,4.70E-04,-4.9664,_d71_2121_P7
117,0.0013,-0.0326,_d71_2122
118,0.0213,-0.0287,_d71_2122_P5
119,4.70E-04,-4.9664,_d71_2122_P7
120,0.0013,-0.0326,_d72_1111
121,0.0839,-0.093,_d72_1111_P5
122,0.0038,-0.0694,_d72_1111_P7
123,0.0181,-0.1067,_d72_1112
124,0.0844,-0.0924,_d72_1112_P5
125,0.0038,-0.0694,_d72_1112_P7
126,0.0181,-0.1067,_d72_1121
127,0.0329,-0.0517,_d72_1121_P5
128,2.69E-04,-0.0418,_d72_1121_P7
129,0.0017,-0.0635,_d72_1122
130,0.0332,-0.0511,_d72_1122_P5
131,2.69E-04,-0.0418,_d72_1122_P7
132,0.0017,-0.0635,_d72_2111
133,0.1034,-0.0909,_d72_2111_P5
134,0.0059,-0.0611,_d72_2111_P7
135,0.0246,-0.0931,_d72_2112
136,0.1036,-0.0909,_d72_2112_P5
137,0.0059,-0.0611,_d72_2112_P7
138,0.0246,-0.0931,_d72_2121
139,0.0402,-0.0514,_d72_2121_P5
140,4.27E-04,-0.0355,_d72_2121_P7
141,0.0024,-0.0547,_d72_2122
142,0.0403,-0.0514,_d72_2122_P5
143,4.27E-04,-0.0355,_d72_2122_P7
144,0.0024,-0.0547,_d73_1111
145,0.0803,-0.0885,_d73_1111_P5
146,0.004,-0.0721,_d73_1111_P7
147,0.0167,-0.1012,_d73_1112
148,0.0806,-0.088,_d73_1112_P5
149,0.004,-0.0721,_d73_1112_P7
150,0.0167,-0.1012,_d73_1121
151,0.0308,-0.0452,_d73_1121_P5
152,2.86E-04,-0.0409,_d73_1121_P7
153,0.0015,-0.0524,_d73_1122
154,0.0309,-0.0445,_d73_1122_P5
155,2.86E-04,-0.0408,_d73_1122_P7
156,0.0015,-0.0524,_d73_2111
157,0.0928,-0.0853,_d73_2111_P5
158,0.0058,-0.0607,_d73_2111_P7
159,0.0221,-0.0882,_d73_2112
160,0.0929,-0.0853,_d73_2112_P5
161,0.0058,-0.0607,_d73_2112_P7
162,0.0221,-0.0882,_d73_2121
163,0.0321,-0.0393,_d73_2121_P5
164,3.73E-04,-0.0293,_d73_2121_P7
165,0.0019,-0.0426,_d73_2122
166,0.0322,-0.0392,_d73_2122_P5
167,3.73E-04,-0.0293,_d73_2122_P7
168,0.0019,-0.0426,_d74_1111
169,0.0789,-0.0977,_d74_1111_P5
170,0.0034,-0.0697,_d74_1111_P7
171,0.0177,-0.1133,_d74_1112
172,0.0795,-0.0975,_d74_1112_P5
173,0.0034,-0.0697,_d74_1112_P7
174,0.0177,-0.1133,_d74_1121
175,0.0244,-0.0439,_d74_1121_P5
176,2.51E-04,-4.8431,_d74_1121_P7
177,0.0014,-0.0597,_d74_1122
178,0.0245,-0.0427,_d74_1122_P5
179,2.51E-04,-4.8431,_d74_1122_P7
180,0.0014,-0.0597,_d74_2111
181,0.1029,-0.0979,_d74_2111_P5
182,0.0057,-0.0642,_d74_2111_P7
183,0.0249,-0.1006,_d74_2112
184,0.1031,-0.098,_d74_2112_P5
185,0.0057,-0.0642,_d74_2112_P7
186,0.0249,-0.1006,_d74_2121
187,0.0303,-0.0428,_d74_2121_P5
188,4.61E-04,-4.9696,_d74_2121_P7
189,0.0019,-0.0477,_d74_2122
190,0.0305,-0.0428,_d74_2122_P5
191,4.61E-04,-4.9696,_d74_2122_P7
192,0.0019,-0.0477,_d75_1111
193,0.0759,-0.0826,_d75_1111_P5
194,0.0036,-0.0625,_d75_1111_P7
195,0.0158,-0.0947,_d75_1112
196,0.0764,-0.0822,_d75_1112_P5
197,0.0036,-0.0625,_d75_1112_P7
198,0.0158,-0.0947,_d75_1121
199,0.0327,-0.0468,_d75_1121_P5
200,3.22E-04,-0.0434,_d75_1121_P7
201,0.0016,-0.0542,_d75_1122
202,0.0329,-0.0463,_d75_1122_P5
203,3.22E-04,-0.0433,_d75_1122_P7
204,0.0016,-0.0542,_d75_2111
205,0.0887,-0.0812,_d75_2111_P5
206,0.0052,-0.0543,_d75_2111_P7
207,0.021,-0.0834,_d75_2112
208,0.0887,-0.0811,_d75_2112_P5
209,0.0052,-0.0543,_d75_2112_P7
210,0.021,-0.0834,_d75_2121
211,0.0362,-0.0435,_d75_2121_P5
212,4.50E-04,-0.0343,_d75_2121_P7
213,0.0021,-0.0461,_d75_2122
214,0.0363,-0.0434,_d75_2122_P5
215,4.50E-04,-0.0343,_d75_2122_P7
216,0.0021,-0.0461,_d76_1111
217,0.048,-0.0665,_d76_1111_P5
218,0.0018,-0.0379,_d76_1111_P7
219,0.0117,-0.0863,_d76_1112
220,0.0479,-0.0657,_d76_1112_P5
221,0.0018,-0.0379,_d76_1112_P7
222,0.0117,-0.0863,_d76_1121
223,0.0106,-0.0175,_d76_1121_P5
224,1.93E-04,-4.9866,_d76_1121_P7
225,7.49E-04,-0.0342,_d76_1122
226,0.0104,-0.0164,_d76_1122_P5
227,1.93E-04,-4.9867,_d76_1122_P7
228,7.49E-04,-0.0342,_d76_2111
229,0.0616,-0.0644,_d76_2111_P5
230,0.0029,-0.0341,_d76_2111_P7
231,0.0154,-0.0691,_d76_2112
232,0.0616,-0.0644,_d76_2112_P5
233,0.0029,-0.0341,_d76_2112_P7
234,0.0154,-0.0691,_d76_2121
235,0.0139,-0.0185,_d76_2121_P5
236,3.15E-04,-4.7382,_d76_2121_P7
237,9.19E-04,-0.0236,_d76_2122
238,0.0139,-0.0183,_d76_2122_P5
239,3.15E-04,-4.739,_d76_2122_P7
240,9.19E-04,-0.0236,_d77_1111
241,0.0697,-0.0766,_d77_1111_P5
242,0.0034,-0.0603,_d77_1111_P7
243,0.0148,-0.0899,_d77_1112
244,0.0701,-0.0761,_d77_1112_P5
245,0.0034,-0.0603,_d77_1112_P7
246,0.0148,-0.0899,_d77_1121
247,0.0295,-0.0417,_d77_1121_P5
248,2.68E-04,-0.0363,_d77_1121_P7
249,0.0015,-0.05,_d77_1122
250,0.0295,-0.0407,_d77_1122_P5
251,2.68E-04,-0.0363,_d77_1122_P7
252,0.0015,-0.05,_d77_2111
253,0.0824,-0.0751,_d77_2111_P5
254,0.0051,-0.0527,_d77_2111_P7
255,0.0195,-0.0777,_d77_2112
256,0.0824,-0.0751,_d77_2112_P5
257,0.0051,-0.0527,_d77_2112_P7
258,0.0195,-0.0777,_d77_2121
259,0.0354,-0.0418,_d77_2121_P5
260,4.32E-04,-0.0327,_d77_2121_P7
261,0.0021,-0.0444,_d77_2122
262,0.0353,-0.0415,_d77_2122_P5
263,4.32E-04,-0.0327,_d77_2122_P7
264,0.0021,-0.0443,_d78_1111
265,0.0535,-0.064,_d78_1111_P5
266,0.0028,-0.0494,_d78_1111_P7
267,0.0117,-0.0768,_d78_1112
268,0.0538,-0.0635,_d78_1112_P5
269,0.0028,-0.0494,_d78_1112_P7
270,0.0117,-0.0768,_d78_1121
271,0.0172,-0.0246,_d78_1121_P5
272,1.49E-04,-0.0188,_d78_1121_P7
273,8.32E-04,-0.03,_d78_1122
274,0.0171,-0.0239,_d78_1122_P5
275,1.49E-04,-0.0188,_d78_1122_P7
276,8.32E-04,-0.03,_d78_2111
277,0.062,-0.0614,_d78_2111_P5
278,0.0038,-0.041,_d78_2111_P7
279,0.0151,-0.0648,_d78_2112
280,0.0621,-0.0613,_d78_2112_P5
281,0.0038,-0.041,_d78_2112_P7
282,0.0151,-0.0648,_d78_2121
283,0.0187,-0.0231,_d78_2121_P5
284,4.08E-04,-4.9755,_d78_2121_P7
285,0.0011,-0.0257,_d78_2122
286,0.0186,-0.0229,_d78_2122_P5
287,4.08E-04,-4.9756,_d78_2122_P7
288,0.0011,-0.0258,_d79_1111
289,0.0786,-0.0882,_d79_1111_P5
290,0.0036,-0.0652,_d79_1111_P7
291,0.0167,-0.1017,_d79_1112
292,0.0788,-0.0872,_d79_1112_P5
293,0.0036,-0.0652,_d79_1112_P7
294,0.0167,-0.1017,_d79_1121
295,0.0282,-0.0426,_d79_1121_P5
296,2.51E-04,-0.0358,_d79_1121_P7
297,0.0015,-0.0522,_d79_1122
298,0.0282,-0.0417,_d79_1122_P5
299,2.51E-04,-0.0358,_d79_1122_P7
300,0.0015,-0.0522,_d79_2111
301,0.0949,-0.0878,_d79_2111_P5
302,0.0054,-0.0584,_d79_2111_P7
303,0.0225,-0.0902,_d79_2112
304,0.0949,-0.0877,_d79_2112_P5
305,0.0054,-0.0584,_d79_2112_P7
306,0.0225,-0.0902,_d79_2121
307,0.0321,-0.0405,_d79_2121_P5
308,3.62E-04,-0.0295,_d79_2121_P7
309,0.0019,-0.0437,_d79_2122
310,0.0321,-0.0403,_d79_2122_P5
311,3.62E-04,-0.0295,_d79_2122_P7
312,0.0019,-0.0437,_d80_1111
313,0.072,-0.0805,_d80_1111_P5
314,0.0032,-0.0582,_d80_1111_P7
315,0.0152,-0.0939,_d80_1112
316,0.0725,-0.0801,_d80_1112_P5
317,0.0032,-0.0582,_d80_1112_P7
318,0.0152,-0.0939,_d80_1121
319,0.0263,-0.0378,_d80_1121_P5
320,2.43E-04,-0.0326,_d80_1121_P7
321,0.0014,-0.0464,_d80_1122
322,0.0262,-0.0368,_d80_1122_P5
323,2.43E-04,-0.0325,_d80_1122_P7
324,0.0014,-0.0464,_d80_2111
325,0.084,-0.0781,_d80_2111_P5
326,0.0046,-0.0492,_d80_2111_P7
327,0.0198,-0.0803,_d80_2112
328,0.0842,-0.0782,_d80_2112_P5
329,0.0046,-0.0492,_d80_2112_P7
330,0.0198,-0.0803,_d80_2121
331,0.0301,-0.0362,_d80_2121_P5
332,3.45E-04,-0.0261,_d80_2121_P7
333,0.0018,-0.0389,_d80_2122
334,0.03,-0.0359,_d80_2122_P5
335,3.45E-04,-0.0261,_d80_2122_P7
336,0.0018,-0.0389,_d81_1111
337,0.0647,-0.0805,_d81_1111_P5
338,0.003,-0.06,_d81_1111_P7
339,0.0143,-0.0957,_d81_1112
340,0.0651,-0.0802,_d81_1112_P5
341,0.003,-0.06,_d81_1112_P7
342,0.0143,-0.0957,_d81_1121
343,0.022,-0.0361,_d81_1121_P5
344,2.64E-04,-4.716,_d81_1121_P7
345,0.0012,-0.0451,_d81_1122
346,0.0222,-0.0355,_d81_1122_P5
347,2.64E-04,-4.7161,_d81_1122_P7
348,0.0012,-0.0451,_d81_2111
349,0.0785,-0.0781,_d81_2111_P5
350,0.0045,-0.0517,_d81_2111_P7
351,0.0189,-0.0812,_d81_2112
352,0.0786,-0.0781,_d81_2112_P5
353,0.0045,-0.0517,_d81_2112_P7
354,0.0189,-0.0812,_d81_2121
355,0.0248,-0.0328,_d81_2121_P5
356,4.20E-04,-4.9602,_d81_2121_P7
357,0.0015,-0.0367,_d81_2122
358,0.0249,-0.0327,_d81_2122_P5
359,4.20E-04,-4.9603,_d81_2122_P7
360,0.0015,-0.0367,_d82_1111
361,0.0697,-0.0789,_d82_1111_P5
362,0.0032,-0.0567,_d82_1111_P7
363,0.0152,-0.0942,_d82_1112
364,0.0703,-0.0786,_d82_1112_P5
365,0.0032,-0.0567,_d82_1112_P7
366,0.0152,-0.0942,_d82_1121
367,0.0263,-0.0386,_d82_1121_P5
368,2.28E-04,-0.0307,_d82_1121_P7
369,0.0013,-0.0464,_d82_1122
370,0.0264,-0.0375,_d82_1122_P5
371,2.28E-04,-0.0307,_d82_1122_P7
372,0.0013,-0.0464,_d82_2111
373,0.0842,-0.0773,_d82_2111_P5
374,0.0048,-0.0493,_d82_2111_P7
375,0.0202,-0.0805,_d82_2112
376,0.0842,-0.0773,_d82_2112_P5
377,0.0048,-0.0493,_d82_2112_P7
378,0.0202,-0.0805,_d82_2121
379,0.0269,-0.0324,_d82_2121_P5
380,3.04E-04,-0.0225,_d82_2121_P7
381,0.0016,-0.0359,_d82_2122
382,0.0269,-0.0322,_d82_2122_P5
383,3.04E-04,-0.0225,_d82_2122_P7
384,0.0016,-0.0359,_d83_1111
385,0.0691,-0.0878,_d83_1111_P5
386,0.0035,-0.0712,_d83_1111_P7
387,0.0147,-0.1019,_d83_1112
388,0.0697,-0.0866,_d83_1112_P5
389,0.0035,-0.0712,_d83_1112_P7
390,0.0147,-0.1019,_d83_1121
391,0.0243,-0.0413,_d83_1121_P5
392,2.04E-04,-0.0319,_d83_1121_P7
393,0.0013,-0.0523,_d83_1122
394,0.0245,-0.0397,_d83_1122_P5
395,2.04E-04,-0.0319,_d83_1122_P7
396,0.0013,-0.0523,_d83_2111
397,0.08,-0.0825,_d83_2111_P5
398,0.0048,-0.056,_d83_2111_P7
399,0.019,-0.0849,_d83_2112
400,0.0802,-0.0825,_d83_2112_P5
401,0.0048,-0.056,_d83_2112_P7
402,0.019,-0.0849,_d83_2121
403,0.0265,-0.0374,_d83_2121_P5
404,2.97E-04,-0.0258,_d83_2121_P7
405,0.0016,-0.0414,_d83_2122
406,0.0265,-0.0371,_d83_2122_P5
407,2.98E-04,-0.0259,_d83_2122_P7
408,0.0016,-0.0413,_d84_1111
409,0.0455,-0.0546,_d84_1111_P5
410,0.002,-0.0381,_d84_1111_P7
411,0.0095,-0.0653,_d84_1112
412,0.0459,-0.0541,_d84_1112_P5
413,0.002,-0.0381,_d84_1112_P7
414,0.0095,-0.0653,_d84_1121
415,0.0222,-0.0322,_d84_1121_P5
416,2.23E-04,-0.0299,_d84_1121_P7
417,0.0011,-0.0378,_d84_1122
418,0.0222,-0.0315,_d84_1122_P5
419,2.23E-04,-0.0299,_d84_1122_P7
420,0.0011,-0.0379,_d84_2111
421,0.0498,-0.0508,_d84_2111_P5
422,0.0028,-0.0311,_d84_2111_P7
423,0.012,-0.0537,_d84_2112
424,0.0498,-0.0507,_d84_2112_P5
425,0.0028,-0.0311,_d84_2112_P7
426,0.012,-0.0537,_d84_2121
427,0.0217,-0.0273,_d84_2121_P5
428,2.65E-04,-0.0204,_d84_2121_P7
429,0.0013,-0.0295,_d84_2122
430,0.0217,-0.0272,_d84_2122_P5
431,2.65E-04,-0.0204,_d84_2122_P7
432,0.0013,-0.0295,_d85_1111
433,0.0498,-0.0664,_d85_1111_P5
434,0.0019,-0.0398,_d85_1111_P7
435,0.0113,-0.082,_d85_1112
436,0.0505,-0.0665,_d85_1112_P5
437,0.0019,-0.0398,_d85_1112_P7
438,0.0113,-0.082,_d85_1121
439,0.0163,-0.0271,_d85_1121_P5
440,2.41E-04,-4.7446,_d85_1121_P7
441,9.11E-04,-0.038,_d85_1122
442,0.0161,-0.026,_d85_1122_P5
443,2.41E-04,-4.7432,_d85_1122_P7
444,9.11E-04,-0.038,_d85_2111
445,0.0566,-0.0599,_d85_2111_P5
446,0.0028,-0.032,_d85_2111_P7
447,0.014,-0.0643,_d85_2112
448,0.0567,-0.0599,_d85_2112_P5
449,0.0028,-0.032,_d85_2112_P7
450,0.014,-0.0643,_d85_2121
451,0.0168,-0.0223,_d85_2121_P5
452,3.40E-04,-4.951,_d85_2121_P7
453,0.0011,-0.027,_d85_2122
454,0.0167,-0.022,_d85_2122_P5
455,3.40E-04,-4.951,_d85_2122_P7
456,0.0011,-0.027,_d86_1111
457,0.0663,-0.0798,_d86_1111_P5
458,0.0029,-0.0559,_d86_1111_P7
459,0.0143,-0.0937,_d86_1112
460,0.0665,-0.0794,_d86_1112_P5
461,0.0029,-0.0559,_d86_1112_P7
462,0.0143,-0.0937,_d86_1121
463,0.0253,-0.0406,_d86_1121_P5
464,2.14E-04,-0.0313,_d86_1121_P7
465,0.0013,-0.05,_d86_1122
466,0.0253,-0.0399,_d86_1122_P5
467,2.14E-04,-0.0313,_d86_1122_P7
468,0.0013,-0.05,_d86_2111
469,0.0778,-0.0754,_d86_2111_P5
470,0.0042,-0.0468,_d86_2111_P7
471,0.0187,-0.0783,_d86_2112
472,0.0778,-0.0754,_d86_2112_P5
473,0.0042,-0.0468,_d86_2112_P7
474,0.0187,-0.0783,_d86_2121
475,0.0265,-0.0346,_d86_2121_P5
476,2.75E-04,-0.0215,_d86_2121_P7
477,0.0016,-0.0383,_d86_2122
478,0.0265,-0.0344,_d86_2122_P5
479,2.75E-04,-0.0215,_d86_2122_P7
480,0.0016,-0.0383,_d87_1111
481,0.0483,-0.0612,_d87_1111_P5
482,0.002,-0.0387,_d87_1111_P7
483,0.011,-0.077,_d87_1112
484,0.0485,-0.0607,_d87_1112_P5
485,0.002,-0.0388,_d87_1112_P7
486,0.011,-0.077,_d87_1121
487,0.0137,-0.0205,_d87_1121_P5
488,1.16E-04,-0.0148,_d87_1121_P7
489,7.53E-04,-0.0291,_d87_1122
490,0.0135,-0.0196,_d87_1122_P5
491,1.16E-04,-0.0148,_d87_1122_P7
492,7.53E-04,-0.0291,_d87_2111
493,0.06,-0.0602,_d87_2111_P5
494,0.0031,-0.0346,_d87_2111_P7
495,0.0146,-0.0636,_d87_2112
496,0.06,-0.0602,_d87_2112_P5
497,0.0031,-0.0346,_d87_2112_P7
498,0.0146,-0.0636,_d87_2121
499,0.0164,-0.0207,_d87_2121_P5
500,1.83E-04,-0.0133,_d87_2121_P7
501,0.001,-0.0242,_d87_2122
502,0.0163,-0.0205,_d87_2122_P5
503,1.83E-04,-0.0133,_d87_2122_P7
504,0.001,-0.0242,_d88_1111
505,0.0564,-0.0688,_d88_1111_P5
506,0.0023,-0.0432,_d88_1111_P7
507,0.0126,-0.0835,_d88_1112
508,0.0566,-0.0682,_d88_1112_P5
509,0.0023,-0.0432,_d88_1112_P7
510,0.0126,-0.0835,_d88_1121
511,0.0187,-0.0294,_d88_1121_P5
512,2.20E-04,-4.5572,_d88_1121_P7
513,9.76E-04,-0.0379,_d88_1122
514,0.0185,-0.0281,_d88_1122_P5
515,2.20E-04,-4.5566,_d88_1122_P7
516,9.76E-04,-0.0379,_d88_2111
517,0.0704,-0.0686,_d88_2111_P5
518,0.0038,-0.0417,_d88_2111_P7
519,0.017,-0.072,_d88_2112
520,0.0705,-0.0685,_d88_2112_P5
521,0.0038,-0.0417,_d88_2112_P7
522,0.017,-0.072,_d88_2121
523,0.0207,-0.0273,_d88_2121_P5
524,3.36E-04,-4.9657,_d88_2121_P7
525,0.0013,-0.031,_d88_2122
526,0.0207,-0.027,_d88_2122_P5
527,3.36E-04,-4.9657,_d88_2122_P7
528,0.0013,-0.031,_d89_1111
529,0.0721,-0.0789,_d89_1111_P5
530,0.0035,-0.0612,_d89_1111_P7
531,0.0159,-0.0935,_d89_1112
532,0.0721,-0.078,_d89_1112_P5
533,0.0035,-0.0611,_d89_1112_P7
534,0.0159,-0.0935,_d89_1121
535,0.0225,-0.0323,_d89_1121_P5
536,1.76E-04,-0.0242,_d89_1121_P7
537,0.0013,-0.0439,_d89_1122
538,0.0222,-0.0308,_d89_1122_P5
539,1.76E-04,-0.0242,_d89_1122_P7
540,0.0013,-0.0439,_d89_2111
541,0.0894,-0.0785,_d89_2111_P5
542,0.0054,-0.054,_d89_2111_P7
543,0.0212,-0.081,_d89_2112
544,0.0895,-0.0784,_d89_2112_P5
545,0.0054,-0.054,_d89_2112_P7
546,0.0212,-0.081,_d89_2121
547,0.03,-0.0358,_d89_2121_P5
548,3.19E-04,-0.0247,_d89_2121_P7
549,0.0018,-0.0397,_d89_2122
550,0.0299,-0.0355,_d89_2122_P5
551,3.19E-04,-0.0247,_d89_2122_P7
552,0.0018,-0.0397,_d90_1111
553,0.0695,-0.0811,_d90_1111_P5
554,0.0033,-0.0615,_d90_1111_P7
555,0.0148,-0.0949,_d90_1112
556,0.0695,-0.0799,_d90_1112_P5
557,0.0033,-0.0615,_d90_1112_P7
558,0.0148,-0.0949,_d90_1121
559,0.0253,-0.0397,_d90_1121_P5
560,2.25E-04,-0.0334,_d90_1121_P7
561,0.0013,-0.0502,_d90_1122
562,0.0251,-0.0379,_d90_1122_P5
563,2.25E-04,-0.0334,_d90_1122_P7
564,0.0013,-0.0502,_d90_2111
565,0.0861,-0.0813,_d90_2111_P5
566,0.0053,-0.0569,_d90_2111_P7
567,0.0204,-0.0837,_d90_2112
568,0.0861,-0.0812,_d90_2112_P5
569,0.0053,-0.0569,_d90_2112_P7
570,0.0204,-0.0837,_d90_2121
571,0.0285,-0.0379,_d90_2121_P5
572,3.29E-04,-0.0277,_d90_2121_P7
573,0.0017,-0.042,_d90_2122
574,0.0284,-0.0376,_d90_2122_P5
575,3.29E-04,-0.0277,_d90_2122_P7
576,0.0017,-0.042,_d91_1111
577,0.0643,-0.0786,_d91_1111_P5
578,0.0029,-0.0549,_d91_1111_P7
579,0.0139,-0.0917,_d91_1112
580,0.0645,-0.078,_d91_1112_P5
581,0.0029,-0.0549,_d91_1112_P7
582,0.0139,-0.0917,_d91_1121
583,0.0206,-0.0347,_d91_1121_P5
584,1.58E-04,-0.0229,_d91_1121_P7
585,0.0011,-0.0453,_d91_1122
586,0.0206,-0.034,_d91_1122_P5
587,1.60E-04,-0.0232,_d91_1122_P7
588,0.0011,-0.0453,_d91_2111
589,0.0771,-0.0753,_d91_2111_P5
590,0.0043,-0.0467,_d91_2111_P7
591,0.0186,-0.0783,_d91_2112
592,0.0772,-0.0753,_d91_2112_P5
593,0.0043,-0.0467,_d91_2112_P7
594,0.0186,-0.0783,_d91_2121
595,0.0232,-0.0315,_d91_2121_P5
596,3.99E-04,-4.95,_d91_2121_P7
597,0.0014,-0.0355,_d91_2122
598,0.0232,-0.0314,_d91_2122_P5
599,3.99E-04,-4.9501,_d91_2122_P7
600,0.0014,-0.0355,_d92_1111
601,0.0489,-0.0609,_d92_1111_P5
602,0.002,-0.0394,_d92_1111_P7
603,0.0112,-0.0768,_d92_1112
604,0.0493,-0.0604,_d92_1112_P5
605,0.002,-0.0394,_d92_1112_P7
606,0.0112,-0.0768,_d92_1121
607,0.0159,-0.025,_d92_1121_P5
608,2.00E-04,-4.7856,_d92_1121_P7
609,9.14E-04,-0.0359,_d92_1122
610,0.0159,-0.0242,_d92_1122_P5
611,2.01E-04,-4.7854,_d92_1122_P7
612,9.14E-04,-0.0359,_d92_2111
613,0.0608,-0.0603,_d92_2111_P5
614,0.0032,-0.0348,_d92_2111_P7
615,0.0149,-0.0643,_d92_2112
616,0.0609,-0.0603,_d92_2112_P5
617,0.0032,-0.0348,_d92_2112_P7
618,0.0149,-0.0643,_d92_2121
619,0.0187,-0.0241,_d92_2121_P5
620,2.91E-04,-4.5973,_d92_2121_P7
621,0.0012,-0.0284,_d92_2122
622,0.0188,-0.024,_d92_2122_P5
623,2.91E-04,-4.5975,_d92_2122_P7
624,0.0012,-0.0284,_d93_1111
625,0.0604,-0.0731,_d93_1111_P5
626,0.0026,-0.0497,_d93_1111_P7
627,0.0131,-0.0863,_d93_1112
628,0.0613,-0.073,_d93_1112_P5
629,0.0026,-0.0497,_d93_1112_P7
630,0.0131,-0.0863,_d93_1121
631,0.0228,-0.036,_d93_1121_P5
632,1.71E-04,-0.0245,_d93_1121_P7
633,0.0012,-0.0439,_d93_1122
634,0.0231,-0.0352,_d93_1122_P5
635,1.70E-04,-0.0244,_d93_1122_P7
636,0.0012,-0.0439,_d93_2111
637,0.0708,-0.0697,_d93_2111_P5
638,0.0038,-0.042,_d93_2111_P7
639,0.017,-0.0724,_d93_2112
640,0.0711,-0.0699,_d93_2112_P5
641,0.0038,-0.042,_d93_2112_P7
642,0.017,-0.0724,_d93_2121
643,0.0235,-0.0306,_d93_2121_P5
644,4.15E-04,-4.9664,_d93_2121_P7
645,0.0014,-0.0339,_d93_2122
646,0.0237,-0.0307,_d93_2122_P5
647,4.15E-04,-4.9664,_d93_2122_P7
648,0.0014,-0.0339,_d94_1111
649,0.0799,-0.086,_d94_1111_P5
650,0.0036,-0.066,_d94_1111_P7
651,0.0169,-0.1005,_d94_1112
652,0.0806,-0.0854,_d94_1112_P5
653,0.0036,-0.066,_d94_1112_P7
654,0.0169,-0.1005,_d94_1121
655,0.0308,-0.0441,_d94_1121_P5
656,2.54E-04,-0.0366,_d94_1121_P7
657,0.0016,-0.0548,_d94_1122
658,0.031,-0.0431,_d94_1122_P5
659,2.54E-04,-0.0366,_d94_1122_P7
660,0.0016,-0.0547,_d94_2111
661,0.0961,-0.0847,_d94_2111_P5
662,0.0056,-0.058,_d94_2111_P7
663,0.0228,-0.0879,_d94_2112
664,0.0963,-0.0847,_d94_2112_P5
665,0.0056,-0.058,_d94_2112_P7
666,0.0228,-0.0879,_d94_2121
667,0.0361,-0.043,_d94_2121_P5
668,3.91E-04,-0.0307,_d94_2121_P7
669,0.0021,-0.0466,_d94_2122
670,0.0362,-0.0429,_d94_2122_P5
671,3.91E-04,-0.0306,_d94_2122_P7
672,0.0021,-0.0466,_d95_1111
673,0.0637,-0.0775,_d95_1111_P5
674,0.003,-0.0564,_d95_1111_P7
675,0.0143,-0.0925,_d95_1112
676,0.0639,-0.0772,_d95_1112_P5
677,0.003,-0.0564,_d95_1112_P7
678,0.0143,-0.0925,_d95_1121
679,0.0186,-0.0293,_d95_1121_P5
680,2.55E-04,-4.6162,_d95_1121_P7
681,0.001,-0.0385,_d95_1122
682,0.0186,-0.0287,_d95_1122_P5
683,2.55E-04,-4.6127,_d95_1122_P7
684,0.001,-0.0385,_d95_2111
685,0.08,-0.0779,_d95_2111_P5
686,0.0046,-0.0496,_d95_2111_P7
687,0.0192,-0.0806,_d95_2112
688,0.08,-0.0779,_d95_2112_P5
689,0.0046,-0.0496,_d95_2112_P7
690,0.0192,-0.0806,_d95_2121
691,0.0217,-0.0279,_d95_2121_P5
692,2.40E-04,-0.0185,_d95_2121_P7
693,0.0013,-0.0316,_d95_2122
694,0.0217,-0.0277,_d95_2122_P5
695,2.40E-04,-0.0185,_d95_2122_P7
696,0.0013,-0.0316,_d96_1111
697,0.0455,-0.0594,_d96_1111_P5
698,0.0021,-0.0405,_d96_1111_P7
699,0.0106,-0.0761,_d96_1112
700,0.0462,-0.0593,_d96_1112_P5
701,0.0021,-0.0405,_d96_1112_P7
702,0.0106,-0.0761,_d96_1121
703,0.0127,-0.0195,_d96_1121_P5
704,2.11E-04,-4.7813,_d96_1121_P7
705,7.02E-04,-0.0276,_d96_1122
706,0.0129,-0.0191,_d96_1122_P5
707,2.11E-04,-4.78,_d96_1122_P7
708,7.03E-04,-0.0276,_d96_2111
709,0.0578,-0.0603,_d96_2111_P5
710,0.0032,-0.037,_d96_2111_P7
711,0.0142,-0.0643,_d96_2112
712,0.0579,-0.0603,_d96_2112_P5
713,0.0032,-0.037,_d96_2112_P7
714,0.0142,-0.0643,_d96_2121
715,0.0154,-0.0199,_d96_2121_P5
716,3.35E-04,-4.9579,_d96_2121_P7
717,9.65E-04,-0.0237,_d96_2122
718,0.0154,-0.0198,_d96_2122_P5
719,3.35E-04,-4.9578,_d96_2122_P7
720,9.65E-04,-0.0237,_d97_1111
721,0.0797,-0.0879,_d97_1111_P5
722,0.0036,-0.0669,_d97_1111_P7
723,0.0169,-0.1025,_d97_1112
724,0.0803,-0.0872,_d97_1112_P5
725,0.0036,-0.0669,_d97_1112_P7
726,0.0169,-0.1025,_d97_1121
727,0.0347,-0.0511,_d97_1121_P5
728,2.97E-04,-0.0422,_d97_1121_P7
729,0.0017,-0.0582,_d97_1122
730,0.035,-0.0505,_d97_1122_P5
731,2.97E-04,-0.0422,_d97_1122_P7
732,0.0017,-0.0582,_d97_2111
733,0.0934,-0.085,_d97_2111_P5
734,0.0054,-0.0569,_d97_2111_P7
735,0.0223,-0.088,_d97_2112
736,0.0935,-0.085,_d97_2112_P5
737,0.0054,-0.0569,_d97_2112_P7
738,0.0223,-0.088,_d97_2121
739,0.0364,-0.0451,_d97_2121_P5
740,4.19E-04,-0.0334,_d97_2121_P7
741,0.0021,-0.048,_d97_2122
742,0.0364,-0.045,_d97_2122_P5
743,4.19E-04,-0.0334,_d97_2122_P7
744,0.0021,-0.048,_d98_1111
745,0.0611,-0.0713,_d98_1111_P5
746,0.003,-0.0546,_d98_1111_P7
747,0.0134,-0.0861,_d98_1112
748,0.0614,-0.0708,_d98_1112_P5
749,0.003,-0.0546,_d98_1112_P7
750,0.0134,-0.0861,_d98_1121
751,0.0229,-0.0345,_d98_1121_P5
752,1.92E-04,-0.0268,_d98_1121_P7
753,0.0012,-0.0427,_d98_1122
754,0.0228,-0.0336,_d98_1122_P5
755,1.94E-04,-0.0272,_d98_1122_P7
756,0.0012,-0.0427,_d98_2111
757,0.0748,-0.0706,_d98_2111_P5
758,0.0045,-0.0479,_d98_2111_P7
759,0.018,-0.0738,_d98_2112
760,0.075,-0.0706,_d98_2112_P5
761,0.0045,-0.0479,_d98_2112_P7
762,0.018,-0.0738,_d98_2121
763,0.0255,-0.0318,_d98_2121_P5
764,2.88E-04,-0.0218,_d98_2121_P7
765,0.0015,-0.0351,_d98_2122
766,0.0255,-0.0317,_d98_2122_P5
767,2.88E-04,-0.0218,_d98_2122_P7
768,0.0015,-0.0351,_dn67_1111
769,0.0702,-0.0817,_dn67_1111_P5\
770,0.0033,-0.0628,_dn67_1111_P7\
771,0.0162,-0.099,_dn67_1112
772,0.0707,-0.0815,_dn67_1112_P5\
773,0.0033,-0.0628,_dn67_1112_P7\
774,0.0162,-0.0989,_dn67_1121
775,0.0171,-0.0259,_dn67_1121_P5\
776,1.67E-04,-4.7037,_dn67_1121_P7\
777,7.89E-04,-0.0309,_dn67_1122
778,0.0173,-0.0254,_dn67_1122_P5\
779,1.67E-04,-4.7027,_dn67_1122_P7\
780,7.89E-04,-0.0309,_dn67_2111
781,0.0934,-0.0834,_dn67_2111_P5\
782,0.0055,-0.0593,_dn67_2111_P7\
783,0.0227,-0.0866,_dn67_2112
784,0.0936,-0.0835,_dn67_2112_P5\
785,0.0055,-0.0593,_dn67_2112_P7\
786,0.0227,-0.0866,_dn67_2121
787,0.0169,-0.0205,_dn67_2121_P5\
788,2.21E-04,-4.973,_dn67_2121_P7\
789,0.001,-0.0238,_dn67_2122
790,0.017,-0.0205,_dn67_2122_P5\
791,2.21E-04,-4.973,_dn67_2122_P7\
792,0.001,-0.0238,_dn68_1111
793,0.0866,-0.0978,_dn68_1111_P5\
794,0.0034,-0.0701,_dn68_1111_P7\
795,0.0183,-0.1126,_dn68_1112
796,0.0875,-0.0978,_dn68_1112_P5\
797,0.0034,-0.0701,_dn68_1112_P7\
798,0.0183,-0.1126,_dn68_1121
799,0.0238,-0.0346,_dn68_1121_P5\
800,2.47E-04,-4.7198,_dn68_1121_P7\
801,0.0011,-0.0385,_dn68_1122
802,0.024,-0.034,_dn68_1122_P5\
803,2.47E-04,-4.719,_dn68_1122_P7\
804,0.0011,-0.0385,_dn68_2111
805,0.1104,-0.1018,_dn68_2111_P5\
806,0.0058,-0.069,_dn68_2111_P7\
807,0.0265,-0.1042,_dn68_2112
808,0.1116,-0.1028,_dn68_2112_P5\
809,0.0058,-0.069,_dn68_2112_P7\
810,0.0265,-0.1042,_dn68_2121
811,0.0194,-0.024,_dn68_2121_P5\
812,3.14E-04,-4.9946,_dn68_2121_P7\
813,0.0012,-0.0271,_dn68_2122
814,0.0196,-0.0242,_dn68_2122_P5\
815,3.14E-04,-4.9947,_dn68_2122_P7\
816,0.0012,-0.0271,_dn69_1111
817,0.0664,-0.0745,_dn69_1111_P5\
818,0.0028,-0.0539,_dn69_1111_P7\
819,0.0146,-0.0905,_dn69_1112
820,0.0671,-0.0746,_dn69_1112_P5\
821,0.0028,-0.0539,_dn69_1112_P7\
822,0.0146,-0.0905,_dn69_1121
823,0.0265,-0.0383,_dn69_1121_P5\
824,2.34E-04,-4.9893,_dn69_1121_P7\
825,0.0013,-0.0433,_dn69_1122
826,0.0268,-0.0384,_dn69_1122_P5\
827,2.35E-04,-4.9893,_dn69_1122_P7\
828,0.0013,-0.0433,_dn69_2111
829,0.0853,-0.0782,_dn69_2111_P5\
830,0.0046,-0.0501,_dn69_2111_P7\
831,0.0207,-0.0816,_dn69_2112
832,0.0853,-0.0782,_dn69_2112_P5\
833,0.0046,-0.0501,_dn69_2112_P7\
834,0.0207,-0.0816,_dn69_2121
835,0.0264,-0.0327,_dn69_2121_P5\
836,3.54E-04,-4.9964,_dn69_2121_P7\
837,0.0016,-0.0359,_dn69_2122
838,0.0265,-0.0326,_dn69_2122_P5\
839,3.54E-04,-4.9964,_dn69_2122_P7\
840,0.0016,-0.0359,_dn70_1111
841,0.0922,-0.1,_dn70_1111_P5\
842,0.0041,-0.0768,_dn70_1111_P7\
843,0.0187,-0.1102,_dn70_1112
844,0.0923,-0.0995,_dn70_1112_P5\
845,0.0041,-0.0768,_dn70_1112_P7\
846,0.0187,-0.1102,_dn70_1121
847,0.038,-0.0541,_dn70_1121_P5\
848,3.36E-04,-0.0524,_dn70_1121_P7\
849,0.0018,-0.061,_dn70_1122
850,0.0379,-0.0535,_dn70_1122_P5\
851,3.36E-04,-0.0524,_dn70_1122_P7\
852,0.0018,-0.061,_dn70_2111
853,0.1035,-0.0935,_dn70_2111_P5\
854,0.006,-0.0657,_dn70_2111_P7\
855,0.0245,-0.0945,_dn70_2112
856,0.1036,-0.0935,_dn70_2112_P5\
857,0.006,-0.0657,_dn70_2112_P7\
858,0.0245,-0.0945,_dn70_2121
859,0.0338,-0.0433,_dn70_2121_P5\
860,3.39E-04,-0.0313,_dn70_2121_P7\
861,0.002,-0.0468,_dn70_2122
862,0.0338,-0.0433,_dn70_2122_P5\
863,3.39E-04,-0.0313,_dn70_2122_P7\
864,0.002,-0.0468,_dn71_1111
865,0.0512,-0.0636,_dn71_1111_P5\
866,0.0021,-0.0463,_dn71_1111_P7\
867,0.0107,-0.0775,_dn71_1112
868,0.0513,-0.0634,_dn71_1112_P5\
869,0.0021,-0.0463,_dn71_1112_P7\
870,0.0107,-0.0775,_dn71_1121
871,0.0248,-0.0393,_dn71_1121_P5\
872,2.39E-04,-0.037,_dn71_1121_P7\
873,0.0013,-0.0489,_dn71_1122
874,0.0248,-0.039,_dn71_1122_P5\
875,2.39E-04,-0.037,_dn71_1122_P7\
876,0.0013,-0.0489,_dn71_2111
877,0.0553,-0.0584,_dn71_2111_P5\
878,0.0027,-0.034,_dn71_2111_P7\
879,0.0132,-0.0616,_dn71_2112
880,0.0553,-0.0583,_dn71_2112_P5\
881,0.0027,-0.034,_dn71_2112_P7\
882,0.0132,-0.0616,_dn71_2121
883,0.0269,-0.0367,_dn71_2121_P5\
884,5.17E-04,-4.9591,_dn71_2121_P7\
885,0.0016,-0.0412,_dn71_2122
886,0.027,-0.0367,_dn71_2122_P5\
887,5.17E-04,-4.9589,_dn71_2122_P7\
888,0.0016,-0.0412,_dn72_1111
889,0.0627,-0.0737,_dn72_1111_P5\
890,0.0025,-0.053,_dn72_1111_P7\
891,0.0142,-0.092,_dn72_1112
892,0.0633,-0.0732,_dn72_1112_P5\
893,0.0025,-0.053,_dn72_1112_P7\
894,0.0142,-0.092,_dn72_1121
895,0.0274,-0.0421,_dn72_1121_P5\
896,2.50E-04,-4.9791,_dn72_1121_P7\
897,0.0015,-0.0535,_dn72_1122
898,0.0275,-0.0413,_dn72_1122_P5\
899,2.50E-04,-4.9792,_dn72_1122_P7\
900,0.0014,-0.053,_dn72_2111
901,0.0853,-0.0781,_dn72_2111_P5\
902,0.0046,-0.0525,_dn72_2111_P7\
903,0.0206,-0.0818,_dn72_2112
904,0.0855,-0.0781,_dn72_2112_P5\
905,0.0046,-0.0525,_dn72_2112_P7\
906,0.0206,-0.0818,_dn72_2121
907,0.0323,-0.0404,_dn72_2121_P5\
908,4.55E-04,-4.9905,_dn72_2121_P7\
909,0.0029,-4.9997,_dn72_2122
910,0.0324,-0.0402,_dn72_2122_P5\
911,4.55E-04,-4.9906,_dn72_2122_P7\
912,0.0029,-4.9997,_dn73_1111
913,0.0856,-0.101,_dn73_1111_P5\
914,0.004,-0.0803,_dn73_1111_P7\
915,0.0168,-0.1114,_dn73_1112
916,0.0857,-0.1007,_dn73_1112_P5\
917,0.004,-0.0803,_dn73_1112_P7\
918,0.0168,-0.1113,_dn73_1121
919,0.0309,-0.0499,_dn73_1121_P5\
920,4.81E-04,-4.9781,_dn73_1121_P7\
921,0.0016,-0.0593,_dn73_1122
922,0.0309,-0.0493,_dn73_1122_P5\
923,4.81E-04,-4.978,_dn73_1122_P7\
924,0.0016,-0.0592,_dn73_2111
925,0.0974,-0.095,_dn73_2111_P5\
926,0.006,-0.0685,_dn73_2111_P7\
927,0.0228,-0.0964,_dn73_2112
928,0.0973,-0.095,_dn73_2112_P5\
929,0.006,-0.0685,_dn73_2112_P7\
930,0.0228,-0.0964,_dn73_2121
931,0.0289,-0.039,_dn73_2121_P5\
932,3.24E-04,-0.0278,_dn73_2121_P7\
933,0.0017,-0.0429,_dn73_2122
934,0.0289,-0.0389,_dn73_2122_P5\
935,3.24E-04,-0.0278,_dn73_2122_P7\
936,0.0017,-0.0429,_dn74_1111
937,0.0605,-0.0837,_dn74_1111_P5\
938,0.0021,-0.0521,_dn74_1111_P7\
939,0.0145,-0.1075,_dn74_1112
940,0.0608,-0.0831,_dn74_1112_P5\
941,0.0021,-0.052,_dn74_1112_P7\
942,0.0145,-0.1074,_dn74_1121
943,0.0135,-0.0232,_dn74_1121_P5\
944,1.62E-04,-4.9991,_dn74_1121_P7\
945,0.0015,-4.8711,_dn74_1122
946,0.0135,-0.0219,_dn74_1122_P5\
947,1.62E-04,-4.9991,_dn74_1122_P7\
948,0.0015,-4.8737,_dn74_2111
949,0.0848,-0.0868,_dn74_2111_P5\
950,0.004,-0.0521,_dn74_2111_P7\
951,0.021,-0.0921,_dn74_2112
952,0.0853,-0.0873,_dn74_2112_P5\
953,0.004,-0.0521,_dn74_2112_P7\
954,0.021,-0.0921,_dn74_2121
955,0.0169,-0.0223,_dn74_2121_P5\
956,2.71E-04,-4.9991,_dn74_2121_P7\
957,0.0022,-4.8222,_dn74_2122
958,0.0171,-0.0226,_dn74_2122_P5\
959,2.71E-04,-4.9991,_dn74_2122_P7\
960,0.0022,-4.8216,_dn75_1111
961,0.0792,-0.0843,_dn75_1111_P5\
962,0.0039,-0.0692,_dn75_1111_P7\
963,0.0169,-0.0976,_dn75_1112
964,0.0796,-0.0839,_dn75_1112_P5\
965,0.0039,-0.0692,_dn75_1112_P7\
966,0.017,-0.0976,_dn75_1121
967,0.0291,-0.041,_dn75_1121_P5\
968,3.72E-04,-4.9834,_dn75_1121_P7\
969,0.0014,-0.0479,_dn75_1122
970,0.029,-0.0402,_dn75_1122_P5\
971,3.72E-04,-4.9834,_dn75_1122_P7\
972,0.0014,-0.0479,_dn75_2111
973,0.104,-0.0916,_dn75_2111_P5\
974,0.0062,-0.0664,_dn75_2111_P7\
975,0.0245,-0.0925,_dn75_2112
976,0.104,-0.0916,_dn75_2112_P5\
977,0.0062,-0.0664,_dn75_2112_P7\
978,0.0245,-0.0925,_dn75_2121
979,0.0317,-0.0382,_dn75_2121_P5\
980,3.71E-04,-0.0304,_dn75_2121_P7\
981,0.0019,-0.0413,_dn75_2122
982,0.0317,-0.0381,_dn75_2122_P5\
983,3.71E-04,-0.0304,_dn75_2122_P7\
984,0.0019,-0.0413,_dn76_1111
985,0.0303,-0.042,_dn76_1111_P5\
986,0.0013,-4.9797,_dn76_1111_P7\
987,0.0074,-0.0587,_dn76_1112
988,0.03,-0.0407,_dn76_1112_P5\
989,0.0013,-4.9818,_dn76_1112_P7\
990,0.0074,-0.0587,_dn76_1121
991,0.0116,-0.0197,_dn76_1121_P5\
992,1.79E-04,-4.9987,_dn76_1121_P7\
993,0.0015,-4.9121,_dn76_1122
994,0.0113,-0.0182,_dn76_1122_P5\
995,1.79E-04,-4.9989,_dn76_1122_P7\
996,0.0015,-4.915,_dn76_2111
997,0.0386,-0.0409,_dn76_2111_P5\
998,0.0018,-4.9987,_dn76_2111_P7\
999,0.0097,-0.0454,_dn76_2112
1000,0.0385,-0.0408,_dn76_2112_P5\
1001,0.0018,-5.0013,_dn76_2112_P7\
1002,0.0097,-0.0454,_dn76_2121
1003,0.0132,-0.0173,_dn76_2121_P5\
1004,2.50E-04,-4.9989,_dn76_2121_P7\
1005,8.69E-04,-0.0228,_dn76_2122
1006,0.0132,-0.0171,_dn76_2122_P5\
1007,2.50E-04,-4.9991,_dn76_2122_P7\
1008,8.69E-04,-0.0228,_dn77_1111
1009,0.0691,-0.0748,_dn77_1111_P5\
1010,0.0032,-0.0593,_dn77_1111_P7\
1011,0.0148,-0.0904,_dn77_1112
1012,0.0697,-0.0744,_dn77_1112_P5\
1013,0.0032,-0.0593,_dn77_1112_P7\
1014,0.0148,-0.0903,_dn77_1121
1015,0.029,-0.0404,_dn77_1121_P5\
1016,2.31E-04,-0.0288,_dn77_1121_P7\
1017,0.0014,-0.0468,_dn77_1122
1018,0.0289,-0.0391,_dn77_1122_P5\
1019,2.31E-04,-0.0288,_dn77_1122_P7\
1020,0.0014,-0.0467,_dn77_2111
1021,0.0883,-0.0777,_dn77_2111_P5\
1022,0.0053,-0.0552,_dn77_2111_P7\
1023,0.021,-0.0805,_dn77_2112
1024,0.0883,-0.0776,_dn77_2112_P5\
1025,0.0053,-0.0552,_dn77_2112_P7\
1026,0.021,-0.0805,_dn77_2121
1027,0.0337,-0.0394,_dn77_2121_P5\
1028,5.55E-04,-4.994,_dn77_2121_P7\
1029,0.002,-0.0417,_dn77_2122
1030,0.0336,-0.039,_dn77_2122_P5\
1031,5.55E-04,-4.994,_dn77_2122_P7\
1032,0.002,-0.0417,_dn78_1111
1033,0.0589,-0.0732,_dn78_1111_P5\
1034,0.0037,-0.0706,_dn78_1111_P7\
1035,0.0125,-0.0843,_dn78_1112
1036,0.0596,-0.0729,_dn78_1112_P5\
1037,0.0037,-0.0706,_dn78_1112_P7\
1038,0.0125,-0.0843,_dn78_1121
1039,0.0255,-0.0382,_dn78_1121_P5\
1040,3.97E-04,-4.9566,_dn78_1121_P7\
1041,0.0013,-0.0475,_dn78_1122
1042,0.0254,-0.0374,_dn78_1122_P5\
1043,3.97E-04,-4.9565,_dn78_1122_P7\
1044,0.0013,-0.0475,_dn78_2111
1045,0.0662,-0.0663,_dn78_2111_P5\
1046,0.0047,-0.0542,_dn78_2111_P7\
1047,0.0161,-0.0691,_dn78_2112
1048,0.0663,-0.0662,_dn78_2112_P5\
1049,0.0047,-0.0542,_dn78_2112_P7\
1050,0.0161,-0.0691,_dn78_2121
1051,0.0263,-0.0342,_dn78_2121_P5\
1052,5.47E-04,-4.9408,_dn78_2121_P7\
1053,0.0016,-0.0387,_dn78_2122
1054,0.0263,-0.0341,_dn78_2122_P5\
1055,5.47E-04,-4.9407,_dn78_2122_P7\
1056,0.0016,-0.0387,_dn79_1111
1057,0.0738,-0.0792,_dn79_1111_P5\
1058,0.0029,-0.0562,_dn79_1111_P7\
1059,0.0158,-0.0961,_dn79_1112
1060,0.0738,-0.0789,_dn79_1112_P5\
1061,0.0029,-0.0562,_dn79_1112_P7\
1062,0.0158,-0.0961,_dn79_1121
1063,0.0256,-0.0373,_dn79_1121_P5\
1064,2.74E-04,-4.9754,_dn79_1121_P7\
1065,0.0013,-0.0433,_dn79_1122
1066,0.0258,-0.037,_dn79_1122_P5\
1067,2.74E-04,-4.9754,_dn79_1122_P7\
1068,0.0013,-0.0433,_dn79_2111
1069,0.0958,-0.0836,_dn79_2111_P5\
1070,0.0049,-0.0546,_dn79_2111_P7\
1071,0.0226,-0.0866,_dn79_2112
1072,0.0958,-0.0836,_dn79_2112_P5\
1073,0.0049,-0.0546,_dn79_2112_P7\
1074,0.0226,-0.0866,_dn79_2121
1075,0.0298,-0.0356,_dn79_2121_P5\
1076,4.85E-04,-4.9686,_dn79_2121_P7\
1077,0.0017,-0.0368,_dn79_2122
1078,0.0298,-0.0355,_dn79_2122_P5\
1079,4.85E-04,-4.9685,_dn79_2122_P7\
1080,0.0017,-0.0368,_dn80_1111
1081,0.0768,-0.0818,_dn80_1111_P5\
1082,0.0036,-0.0649,_dn80_1111_P7\
1083,0.0164,-0.0943,_dn80_1112
1084,0.0773,-0.0814,_dn80_1112_P5\
1085,0.0036,-0.0649,_dn80_1112_P7\
1086,0.0164,-0.0943,_dn80_1121
1087,0.0218,-0.0314,_dn80_1121_P5\
1088,2.28E-04,-4.8497,_dn80_1121_P7\
1089,0.0012,-0.0405,_dn80_1122
1090,0.0216,-0.0303,_dn80_1122_P5\
1091,2.28E-04,-4.8501,_dn80_1122_P7\
1092,0.0012,-0.0405,_dn80_2111
1093,0.0948,-0.0837,_dn80_2111_P5\
1094,0.0053,-0.0596,_dn80_2111_P7\
1095,0.022,-0.0848,_dn80_2112
1096,0.095,-0.0837,_dn80_2112_P5\
1097,0.0053,-0.0596,_dn80_2112_P7\
1098,0.022,-0.0848,_dn80_2121
1099,0.0277,-0.0332,_dn80_2121_P5\
1100,2.80E-04,-0.0237,_dn80_2121_P7\
1101,0.0017,-0.0365,_dn80_2122
1102,0.0277,-0.033,_dn80_2122_P5\
1103,2.80E-04,-0.0236,_dn80_2122_P7\
1104,0.0017,-0.0365,_dn81_1111
1105,0.05,-0.0614,_dn81_1111_P5\
1106,0.002,-0.0419,_dn81_1111_P7\
1107,0.0112,-0.0789,_dn81_1112
1108,0.0504,-0.0612,_dn81_1112_P5\
1109,0.002,-0.0419,_dn81_1112_P7\
1110,0.0112,-0.0789,_dn81_1121
1111,0.0228,-0.0344,_dn81_1121_P5\
1112,2.86E-04,-4.7525,_dn81_1121_P7\
1113,0.0011,-0.0412,_dn81_1122
1114,0.023,-0.034,_dn81_1122_P5\
1115,2.86E-04,-4.7524,_dn81_1122_P7\
1116,0.0011,-0.0412,_dn81_2111
1117,0.0574,-0.0566,_dn81_2111_P5\
1118,0.003,-0.0357,_dn81_2111_P7\
1119,0.0139,-0.0602,_dn81_2112
1120,0.0575,-0.0566,_dn81_2112_P5\
1121,0.003,-0.0357,_dn81_2112_P7\
1122,0.0139,-0.0602,_dn81_2121
1123,0.0235,-0.0284,_dn81_2121_P5\
1124,3.79E-04,-4.9924,_dn81_2121_P7\
1125,0.0014,-0.0316,_dn81_2122
1126,0.0235,-0.0283,_dn81_2122_P5\
1127,3.79E-04,-4.9926,_dn81_2122_P7\
1128,0.0014,-0.0316,_dn82_1111
1129,0.0741,-0.0783,_dn82_1111_P5\
1130,0.0032,-0.059,_dn82_1111_P7\
1131,0.0155,-0.0936,_dn82_1112
1132,0.0745,-0.0781,_dn82_1112_P5\
1133,0.0032,-0.059,_dn82_1112_P7\
1134,0.0155,-0.0936,_dn82_1121
1135,0.0303,-0.0406,_dn82_1121_P5\
1136,2.29E-04,-0.0344,_dn82_1121_P7\
1137,0.0014,-0.0455,_dn82_1122
1138,0.0304,-0.0398,_dn82_1122_P5\
1139,2.29E-04,-0.0344,_dn82_1122_P7\
1140,0.0014,-0.0455,_dn82_2111
1141,0.0853,-0.0756,_dn82_2111_P5\
1142,0.0045,-0.0499,_dn82_2111_P7\
1143,0.02,-0.078,_dn82_2112
1144,0.0853,-0.0755,_dn82_2112_P5\
1145,0.0045,-0.0499,_dn82_2112_P7\
1146,0.02,-0.078,_dn82_2121
1147,0.032,-0.036,_dn82_2121_P5\
1148,3.56E-04,-0.0291,_dn82_2121_P7\
1149,0.0019,-0.0389,_dn82_2122
1150,0.032,-0.0358,_dn82_2122_P5\
1151,3.56E-04,-0.0291,_dn82_2122_P7\
1152,0.0019,-0.0389,_dn83_1111
1153,0.0364,-0.0539,_dn83_1111_P5\
1154,0.0012,-0.0297,_dn83_1111_P7\
1155,0.0091,-0.0732,_dn83_1112
1156,0.0368,-0.0527,_dn83_1112_P5\
1157,0.0012,-0.0299,_dn83_1112_P7\
1158,0.0091,-0.0732,_dn83_1121
1159,0.0119,-0.0222,_dn83_1121_P5\
1160,1.45E-04,-5.0008,_dn83_1121_P7\
1161,0.0012,-4.9935,_dn83_1122
1162,0.012,-0.0206,_dn83_1122_P5\
1163,1.42E-04,-4.9994,_dn83_1122_P7\
1164,0.0012,-4.9936,_dn83_2111
1165,0.0501,-0.0574,_dn83_2111_P5\
1166,0.0022,-0.0309,_dn83_2111_P7\
1167,0.0123,-0.0603,_dn83_2112
1168,0.0506,-0.0579,_dn83_2112_P5\
1169,0.0022,-0.0308,_dn83_2112_P7\
1170,0.0123,-0.0603,_dn83_2121
1171,0.0106,-0.0145,_dn83_2121_P5\
1172,1.99E-04,-4.999,_dn83_2121_P7\
1173,6.78E-04,-0.0185,_dn83_2122
1174,0.0105,-0.0141,_dn83_2122_P5\
1175,1.99E-04,-4.9989,_dn83_2122_P7\
1176,6.78E-04,-0.0185,_dn84_1111
1177,0.0378,-0.0455,_dn84_1111_P5\
1178,0.0021,-0.0435,_dn84_1111_P7\
1179,0.0075,-0.0543,_dn84_1112
1180,0.0376,-0.0445,_dn84_1112_P5\
1181,0.0021,-0.0435,_dn84_1112_P7\
1182,0.0075,-0.0543,_dn84_1121
1183,0.0229,-0.0332,_dn84_1121_P5\
1184,2.27E-04,-0.0344,_dn84_1121_P7\
1185,0.001,-0.0378,_dn84_1122
1186,0.0226,-0.0319,_dn84_1122_P5\
1187,2.27E-04,-0.0343,_dn84_1122_P7\
1188,0.001,-0.0377,_dn84_2111
1189,0.0399,-0.0406,_dn84_2111_P5\
1190,0.0027,-0.0325,_dn84_2111_P7\
1191,0.0094,-0.0434,_dn84_2112
1192,0.0398,-0.0406,_dn84_2112_P5\
1193,0.0027,-0.0325,_dn84_2112_P7\
1194,0.0094,-0.0434,_dn84_2121
1195,0.0227,-0.0285,_dn84_2121_P5\
1196,3.10E-04,-0.0263,_dn84_2121_P7\
1197,0.0013,-0.0297,_dn84_2122
1198,0.0226,-0.0283,_dn84_2122_P5\
1199,3.09E-04,-0.0262,_dn84_2122_P7\
1200,0.0013,-0.0297,_dn85_1111