Centroid LON,Centroid LAT
142.5924,-10.7796
142.7105,-10.7967
142.5736,-10.8241999999999
142.576699999999,-10.8355
142.687099999999,-10.8199
142.723099999999,-10.8213
142.7605,-10.82
142.9288,-10.8079
142.983399999999,-10.7996
142.6935,-10.887
142.6962,-10.8896999999999
142.772699999999,-10.9013
142.6314,-10.9207
143.0894,-10.7753999999999
142.597,-10.7043
142.5979,-10.7089
142.5928,-10.7163
142.6173,-10.7286
142.6226,-10.746
142.6053,-10.739
142.6245,-10.7238
142.629899999999,-10.7189
142.6732,-10.7007999999999
142.6853,-10.7118
142.6909,-10.7157
142.7382,-10.68
142.7862,-10.6824999999999
142.7311,-10.7022999999999
142.614399999999,-10.7576
142.6252,-10.7707
143.8008,-10.8032
144.0061,-10.8055
143.9974,-10.8231
143.8238,-10.8252
143.7581,-10.8462
144.014199999999,-10.8446
143.9838,-10.8661999999999
142.7059,-10.9369
142.706099999999,-10.9476
142.7664,-10.99
143.2521,-10.6837
143.433699999999,-10.6971
143.466299999999,-10.6967
143.19,-10.7317
143.3365,-10.7348
143.0936,-10.7518999999999
143.3718,-10.7523
143.324,-10.7566
143.4121,-10.7761999999999
143.3535,-10.8058999999999
143.3355,-10.8375
143.458599999999,-10.9398
143.2983,-10.8391
143.4042,-10.8493999999999
143.239,-10.853
143.2401,-10.8950999999999
143.2098,-10.8975
143.177799999999,-10.9064999999999
143.289899999999,-10.9039
143.3826,-10.9053
143.3135,-10.9148999999999
143.2961,-10.9316999999999
143.2183,-10.9323999999999
143.2424,-10.9468999999999
143.1569,-10.9502
143.1301,-10.952
143.3596,-10.9392
143.3994,-10.9636
143.4254,-10.9678
143.1253,-10.9865999999999
143.5107,-10.9057
143.9618,-10.6877
143.787399999999,-10.7032
143.9634,-10.7094
143.958499999999,-10.7249
143.9797,-10.723
143.520999999999,-10.6931999999999
143.9649,-10.7341
143.9737,-10.7401
143.980099999999,-10.7545
143.609399999999,-10.7448
143.7427,-10.7375
143.505699999999,-10.7697
143.690699999999,-10.7894
143.716199999999,-10.7704
143.843799999999,-10.7667
143.975599999999,-10.7782
143.9838,-10.7861999999999
143.988699999999,-10.7943
144.0154,-10.9506
143.5107,-10.9449
143.9984,-10.8359
144.0089,-10.8301
142.5773,-10.7299
142.5796,-10.7986
142.553,-10.8318999999999
142.6044,-10.7574
143.3795,-10.8401999999999
143.4462,-10.8976
143.5538,-10.9306
143.627199999999,-10.9758
143.7135,-10.9418
143.768,-11.0143
143.7782,-10.9839
143.955999999999,-10.7417
144.002299999999,-10.9352
144.0341,-10.9125
142.7391,-10.8108
142.7458,-10.9941
143.9531,-10.6851
143.991899999999,-10.8598
143.658899999999,-10.8564
143.711199999999,-10.8594
143.793399999999,-10.8695
143.4686,-10.8054
143.5855,-10.8526
144.011,-10.8878
143.552799999999,-10.8966999999999
144.0129,-10.9270999999999
143.5727,-10.9115
144.014199999999,-10.9638
144.0317,-10.9658
143.4666,-10.8815
144.034799999999,-10.9967
144.0166,-10.986
144.010099999999,-11.0063
144.0131,-11.018
143.9948,-11.0174
143.365,-10.9905
143.2949,-10.987
143.663299999999,-10.904
143.757399999999,-10.8996
143.533899999999,-10.9137
143.0994,-11.1743
142.9924,-11.0068
142.7555,-11.025
142.782299999999,-11.071
142.836999999999,-11.1587
142.811299999999,-11.1854999999999
142.812299999999,-11.1943
142.824,-11.2317
142.818999999999,-11.2489
142.8724,-11.257
142.9284,-11.2489
142.8287,-11.2902
142.8309,-11.2939
142.8655,-11.3727
142.965599999999,-11.3843999999999
142.9353,-11.4349
142.841299999999,-11.4244
143.2418,-11.0226
143.3333,-11.0279
143.3563,-11.0322
143.474099999999,-11.0288
143.3795,-11.0388
143.3709,-11.0588
143.4644,-11.0444999999999
143.402199999999,-11.0745
143.3194,-11.0787999999999
143.0908,-11.0698
143.028099999999,-11.1164
143.000599999999,-11.1292
143.4958,-11.1075
143.252299999999,-11.1285
143.4378,-11.1439
143.2244,-11.1422
143.4213,-11.1598
143.3933,-11.1839999999999
143.3939,-11.2044999999999
143.545199999999,-11.367
143.3356,-11.361
143.160599999999,-11.3772
143.0732,-11.3705
143.0696,-11.3895
143.035,-11.3848
143.1651,-11.4339
143.041799999999,-11.4537999999999
143.03,-11.1816
143.1973,-11.1831
143.315599999999,-11.2141
143.0003,-11.2429
143.2571,-11.2415
143.1497,-11.2712
143.0342,-11.2886
143.0462,-11.2873
143.1961,-11.2948
143.281299999999,-11.2974
143.3642,-11.2735
143.4849,-11.2704
143.126299999999,-11.3192
143.1277,-11.3416
143.4023,-11.3272999999999
143.5423,-11.2531
143.995499999999,-11.2826
144.005699999999,-11.2824
143.996,-11.2948
143.9794,-11.2954
143.980799999999,-11.3092
143.4008,-11.5055999999999
143.2747,-11.462
143.3112,-11.3965
143.3775,-11.4605999999999
143.438099999999,-11.4305
143.124599999999,-11.4681
143.1566,-11.4718
143.075099999999,-11.4819999999999
143.0401,-11.4888999999999
143.0284,-11.4972999999999
143.4999,-10.9776
143.5945,-11.0193999999999
143.668499999999,-11.0978999999999
143.5851,-11.1511
143.694799999999,-11.1572
143.5343,-11.1480999999999
143.5885,-11.2075999999999
143.717299999999,-11.1948
143.798499999999,-11.3148
143.655499999999,-11.2438
143.8194,-11.2555
143.6352,-11.4735
143.7066,-11.4659999999999
143.928699999999,-11.476
144.0174,-11.4728999999999
143.9009,-11.4778
143.9247,-11.4918999999999
143.944799999999,-11.4821
143.8582,-11.4899
143.538299999999,-11.4982
143.9968,-11.0306
144.0163,-11.0396
144.022799999999,-11.0478
144.0325,-11.0547
144.040699999999,-11.0692
144.0401,-11.1022
144.0316,-11.1312
144.0258,-11.1405999999999
144.0558,-11.1486
143.9615,-11.3219999999999
143.9819,-11.3282
143.5044,-11.308
143.6722,-11.3050999999999
143.956899999999,-11.3484
143.9521,-11.3559
143.964,-11.3611
143.976699999999,-11.3644
143.951699999999,-11.3637
143.943999999999,-11.3721999999999
143.9583,-11.3714999999999
143.960399999999,-11.3831
143.978,-11.3911
143.9575,-11.3922
143.5898,-11.3366
143.963699999999,-11.4023
143.7122,-11.3678
143.77,-11.4011999999999
143.9649,-11.4115
143.9696,-11.416
143.9752,-11.4214
143.9743,-11.4271999999999
143.7675,-11.4225999999999
143.5448,-11.4248999999999
143.769499999999,-11.4587
143.511799999999,-11.4651999999999
143.9674,-11.4624
143.512499999999,-11.5495
143.231699999999,-11.5802
144.0603,-11.1851
144.0432,-11.1922
144.0474,-11.2001
144.0508,-11.2095
144.056199999999,-11.2172
144.063899999999,-11.2582
144.012499999999,-11.2636
144.0182,-11.2692999999999
144.024,-11.2615
144.0265,-11.2761
144.0342,-11.2795
144.044,-11.2759
144.0389,-11.4244
144.0672,-11.489
142.8727,-11.5121
142.8437,-11.5633
142.8984,-11.5902999999999
142.8564,-11.6274
142.9396,-11.5973
142.907,-11.6515
142.986099999999,-11.7319
142.9728,-11.7594999999999
142.8959,-11.7623
142.9156,-11.7697
142.9351,-11.7716999999999
142.9555,-11.7707
142.8784,-11.7807999999999
142.8561,-11.7997999999999
142.9365,-11.7967
142.9002,-11.8051999999999
142.895999999999,-11.8265999999999
142.8754,-11.849
142.9387,-11.8431
142.9935,-11.862
142.912399999999,-11.8803
142.9704,-11.8843999999999
143.0817,-11.5182
143.1775,-11.5302
143.0166,-11.55
143.0857,-11.789
143.2461,-11.8041
143.2649,-11.8019
143.0093,-11.8071
143.361099999999,-11.8192
143.2854,-11.8637
143.2971,-11.874
143.106599999999,-11.8950999999999
143.1292,-11.9064999999999
143.337999999999,-11.9111999999999
143.351,-11.9182
143.310499999999,-11.9205
143.1785,-11.5901
143.4239,-11.5862
143.0103,-11.5940999999999
143.290799999999,-11.6041
143.533199999999,-11.6225
143.427899999999,-11.6874
143.192399999999,-11.7111
143.248099999999,-11.7357
143.089,-11.7702
143.2433,-11.7508
143.892599999999,-11.7684
143.8694,-11.7813
143.8694,-11.7911
143.864299999999,-11.8008
143.864499999999,-11.8087
143.968999999999,-11.8020999999999
143.2081,-11.9273
143.216,-11.9435
143.241999999999,-11.9425
143.371399999999,-11.9329
143.4172,-11.9481
143.4968,-11.9117999999999
143.2687,-11.9514999999999
143.270999999999,-11.9605999999999
143.2674,-11.9697
143.286399999999,-11.9697999999999
143.2545,-11.9709
143.2338,-11.9594
143.244,-11.9727
143.2201,-11.9833
143.269399999999,-11.983
143.256499999999,-11.9838
143.2681,-11.9948
143.2673,-11.9982
143.247999999999,-11.9901
143.2413,-11.9979
143.9623,-11.5121
143.8693,-11.5136
143.6416,-11.5117999999999
143.866899999999,-11.5307999999999
143.8783,-11.5267
143.855999999999,-11.5396
143.865199999999,-11.5504
143.912,-11.5299999999999
143.981599999999,-11.5131
143.902199999999,-11.5456
143.8622,-11.5589999999999
143.8648,-11.5642
143.882399999999,-11.5558999999999
143.868699999999,-11.5696999999999
143.875,-11.5719999999999
143.716,-11.5668
143.8555,-11.5924
143.515999999999,-11.6023999999999
143.6824,-11.6236
143.8796,-11.6301
143.5722,-11.6606
143.7542,-11.3062
143.773799999999,-11.8074999999999
143.5508,-11.6897
143.914099999999,-11.6374
143.9018,-11.6651
143.9025,-11.6991
143.8954,-11.7276
143.6802,-11.7693999999999
144.0432,-11.5944
144.019,-11.6834
144.065499999999,-11.7779
143.9985,-11.7859
143.9727,-11.7052999999999
144.019399999999,-11.5313
143.2474,-11.9646
143.1115,-11.507
143.1141,-11.3272999999999
143.330099999999,-11.6204
143.3535,-11.4883
143.369699999999,-11.5521999999999
143.412,-11.4495
143.4428,-11.1792
143.4592,-11.1077999999999
143.4777,-11.4979999999999
143.651199999999,-11.6258
143.6594,-11.4285
143.685499999999,-11.5596999999999
143.7057,-11.5569
143.7242,-11.7960999999999
143.7442,-11.8050999999999
143.7499,-11.4873999999999
143.8554,-11.8253
143.8427,-11.8442
143.8239,-11.8543
143.8295,-11.8599999999999
143.8367,-11.8697
143.591299999999,-11.8584999999999
143.6747,-11.8216
143.8245,-11.8833
143.8339,-11.8973999999999
143.6242,-11.8815
143.71,-11.88
143.691,-11.926
143.853299999999,-11.9267
143.867099999999,-11.9535
143.988,-11.9483999999999
143.8846,-11.9799
143.904599999999,-11.9936
143.3766,-12.1379
143.1088,-12.1915
143.1326,-12.2319
143.2861,-12.2314
143.2065,-12.2425
143.777199999999,-11.5068
143.7775,-11.8132
143.782199999999,-11.8109
143.784799999999,-11.8257999999999
143.8014,-11.4185
143.805299999999,-11.3737999999999
143.8102,-11.1915
143.825799999999,-11.8453
143.8348,-11.9172999999999
143.8501,-11.5256
143.855099999999,-11.2879
143.8745,-11.7301
143.876299999999,-11.1816999999999
143.8848,-11.7056
143.8873,-11.7363
143.8898,-11.7545
143.8899,-11.632
143.890899999999,-11.522
143.893599999999,-11.632
143.895299999999,-11.5748
143.8963,-11.5982
143.903899999999,-11.5970999999999
143.963699999999,-11.5751
143.9768,-11.7312999999999
143.982,-11.3779
143.9841,-11.4705999999999
143.9883,-11.329
143.988699999999,-11.3493999999999
143.9906,-11.3706
143.9915,-11.3556
143.9958,-11.3231
143.9978,-11.3446
144.0018,-11.3228
144.0043,-11.3313
144.0054,-11.2518999999999
144.0055,-11.1218
144.0104,-11.3278
144.0103,-11.3427
144.013299999999,-11.762
144.0136,-11.3103
144.0153,-11.2567
144.0157,-11.303
144.0164,-11.3318999999999
144.017599999999,-11.286
144.019299999999,-11.3104
144.0225,-11.7718
144.027099999999,-11.7682
144.0436,-11.2925
144.052699999999,-11.2743
144.0634,-11.0909
143.2621,-11.0576
143.5396,-11.0135
143.6689,-11.0419
143.6852,-11.0367999999999
143.692399999999,-11.0046
143.71,-11.0173
143.7536,-11.064
143.799,-11.0534
143.8094,-11.0733
144.060399999999,-11.0792
142.8334,-11.484
143.3005,-12.0304
143.2944,-12.0694
143.4837,-12.1027
143.351599999999,-12.1135
143.4468,-12.1533
143.5877,-12.1862999999999
143.2646,-12.0986999999999
143.2185,-12.1266
143.276299999999,-12.1394
143.5461,-12.3732
143.9075,-11.9949999999999
143.910599999999,-11.9964
143.6708,-12.1255
143.9233,-12.0044
143.9555,-12.0219
143.848,-12.0338999999999
143.8728,-12.0386
143.8966,-12.0467999999999
143.8325,-12.0416
143.961,-12.0619
143.909899999999,-12.0548
143.932899999999,-12.0577
143.8175,-12.0515
143.812199999999,-12.0725
143.549,-12.0576
143.804,-12.0953
143.8082,-12.1203
143.810599999999,-12.1447
143.2383,-12.2502999999999
143.2747,-12.2467
143.2996,-12.2715999999999
143.125699999999,-12.2865
143.438099999999,-12.31
143.409899999999,-12.2922999999999
143.516899999999,-12.2449999999999
143.182899999999,-12.3054
143.1972,-12.3119
143.343999999999,-12.3305
143.358399999999,-12.3508999999999
143.242099999999,-12.3551
143.2131,-12.3632
143.2733,-12.3895
143.4824,-12.3843
143.283999999999,-12.4331
143.360999999999,-12.4395
143.4983,-12.4229
143.4807,-12.468
143.529,-12.5582999999999
143.7855,-12.5769
143.7945,-12.5821
143.866199999999,-12.5835
143.717899999999,-12.6212
143.810399999999,-12.6001999999999
143.7845,-12.1719
143.7893,-12.1578
143.8052,-12.1716
143.790799999999,-12.1942
143.780599999999,-12.1941
143.8103,-12.2052
143.822,-12.2101
143.794299999999,-12.2083999999999
143.853,-12.2222
143.849899999999,-12.221
143.8192,-12.2226
143.8742,-12.2405
143.899599999999,-12.2429
143.8903,-12.2469
143.9011,-12.2822
143.6415,-12.314
143.8278,-12.3401
143.791699999999,-12.3637
143.6103,-12.3812
143.757,-12.3842
143.7473,-12.412
143.765999999999,-12.4117
143.633299999999,-12.4026999999999
143.568,-12.4225999999999
143.6322,-12.4166
143.846399999999,-12.4151
143.751399999999,-12.4368
143.7621,-12.4659999999999
143.7588,-12.4834999999999
143.7715,-12.4887999999999
143.390199999999,-12.5187
143.2904,-12.513
143.321499999999,-12.554
143.3931,-12.5864999999999
143.4345,-12.6133
143.4468,-12.6219
143.418,-12.6487
143.4499,-12.6586
143.4223,-12.6624
143.3951,-12.7117
143.398699999999,-12.7553
143.481699999999,-12.7545
143.466199999999,-12.7782
143.3691,-12.7772
143.4127,-12.7799999999999
143.486899999999,-12.7830999999999
143.4417,-12.8111
143.7709,-12.519
143.6048,-12.5200999999999
143.7923,-12.5322999999999
143.7783,-12.5686
143.6458,-12.8475
143.794299999999,-12.8682
143.5984,-12.8789
143.5498,-12.8863
143.626399999999,-12.8782999999999
143.8194,-12.8935
143.6001,-12.8865
143.767699999999,-12.9335
143.517699999999,-12.922
143.538199999999,-12.9275
143.653699999999,-12.9291
143.824,-12.933
143.816599999999,-12.9484999999999
143.5475,-12.9407999999999
143.8281,-12.9648
143.550999999999,-12.9651
143.6927,-12.9518
143.829399999999,-12.9839
143.548599999999,-12.5806
143.8124,-12.6174
143.8347,-12.6362
143.5633,-12.6323
143.524499999999,-12.662
143.8417,-12.6821
143.8137,-12.696
143.822499999999,-12.6912
143.810399999999,-12.7052999999999
143.807799999999,-12.7217
143.6173,-12.6936
143.7923,-12.746
143.8145,-12.7588
143.612799999999,-12.7683
143.8023,-12.7974999999999
143.8299,-12.8325999999999
143.615399999999,-12.81
143.545999999999,-12.8148
143.744,-12.8393
143.7381,-13.2367
143.9348,-13.25
143.690699999999,-13.2577
143.945699999999,-13.2746
143.6936,-13.2758
143.723899999999,-12.9947
143.8485,-12.9972999999999
143.5341,-12.9855
143.614399999999,-12.9894
143.6891,-12.9957999999999
143.6544,-12.9735999999999
143.7684,-12.5089
143.807199999999,-12.1636
143.8871,-12.0311
143.8972,-12.0333
143.9258,-12.061
143.9301,-12.0465
143.791799999999,-13.0245
143.8586,-13.0225
143.539999999999,-13.0297
143.8719,-13.0387
143.6266,-13.0414999999999
143.513,-13.0319
143.6431,-13.0513999999999
143.8665,-13.0533
143.8795,-13.0614
143.882499999999,-13.0661
143.8186,-13.0650999999999
143.5566,-13.0649
143.5241,-13.0764999999999
143.6978,-13.0708
143.8974,-13.076
143.9161,-13.0793
143.9216,-13.083
143.938199999999,-13.0764
143.929,-13.0793
143.9344,-13.0793
143.508299999999,-13.1107999999999
143.5581,-13.1089
143.723299999999,-13.1076
143.658199999999,-13.1114999999999
143.7486,-13.1387
143.6421,-13.1521
143.6157,-13.1511
143.6609,-13.1622
143.761799999999,-13.1694
143.958699999999,-13.1593
143.5207,-13.1716
143.5504,-13.177
143.5748,-13.1832999999999
143.696699999999,-13.2033
143.8786,-13.1974
143.570699999999,-13.2179
143.8102,-13.1861999999999
146.4838,-17.2288
146.303,-17.2794999999999
146.8368,-18.0047
146.783999999999,-18.0322999999999
146.558899999999,-18.0524999999999
145.687,-16.1221
145.775399999999,-16.1174
145.645299999999,-16.1742999999999
145.6371,-16.184
145.6954,-16.1933
145.7913,-16.2131
146.212899999999,-16.8743
146.3889,-16.8767
146.247099999999,-16.91
146.206799999999,-16.9379999999999
146.444899999999,-16.9446
146.484399999999,-16.9692
146.4434,-17.2865
146.4657,-17.2749999999999
146.3588,-17.3029
146.3836,-17.396
146.8522,-18.058
146.787,-18.0832
146.7484,-18.1066
146.764999999999,-18.1163999999999
145.8879,-16.2189
145.7905,-16.3212
145.7649,-16.3521
145.564899999999,-16.3863999999999
146.4488,-16.9759999999999
146.4848,-16.9852999999999
146.514399999999,-16.9929999999999
145.5531,-16.5548
145.5302,-16.5599999999999
145.5319,-16.5936999999999
145.472199999999,-16.0825
145.4704,-16.0840999999999
146.3391,-17.3878999999999
146.4788,-17.4455999999999
146.460399999999,-17.4289999999999
146.455,-17.4542
146.462999999999,-17.448
146.457699999999,-17.4758999999999
146.9666,-18.1334
146.7288,-18.2253
146.898,-18.2616
145.769,-16.4141
145.9967,-16.4281
145.687299999999,-16.4406
145.990299999999,-16.4653999999999
146.002,-16.3067999999999
146.0461,-16.4043999999999
145.468799999999,-16.0875999999999
145.4582,-16.2061999999999
145.4776,-16.2494
145.4232,-16.3532
146.3908,-17.4820999999999
146.492799999999,-17.1036
146.5705,-17.1392999999999
146.541699999999,-17.1909999999999
146.5453,-17.2663
146.609,-17.2617
146.6104,-17.2863
146.7449,-18.3249999999999
146.8317,-18.3521
146.762599999999,-18.3867
146.706099999999,-18.4081
146.9882,-18.4362999999999
146.9931,-18.4691
146.0661,-16.4391
146.1014,-16.4935
145.524,-16.5171999999999
145.536499999999,-16.5225
145.496,-16.5301
145.5085,-16.5627999999999
145.8625,-16.547
145.9533,-16.5432999999999
145.531499999999,-16.6077
145.5389,-16.6158
145.5847,-16.6877
145.6069,-16.6952
145.628899999999,-16.7057
145.9155,-16.8653
146.5436,-17.3101999999999
146.533999999999,-17.3542999999999
146.5473,-17.4177
146.509199999999,-17.4427999999999
146.3771,-17.5325999999999
146.5174,-17.5247999999999
145.3674,-15.7743
145.429499999999,-15.7068999999999
145.4385,-15.7063
145.405,-15.7098999999999
145.3955,-15.7095
145.9803,-16.5814999999999
145.932799999999,-16.6399
145.9486,-16.6176999999999
145.9728,-16.6465999999999
145.992799999999,-16.6551
145.570799999999,-16.6573999999999
145.5812,-16.6544999999999
145.916799999999,-16.8645999999999
145.918499999999,-16.864
145.9215,-16.8649999999999
145.9257,-16.8655
146.4537,-17.6099999999999
146.4189,-17.6076
146.144,-17.6412
146.158199999999,-17.6542999999999
146.3819,-17.6627
145.4401,-15.7398
145.457799999999,-15.7331
145.404799999999,-15.9456
145.370299999999,-15.9206
145.9369,-16.6743999999999
145.6841,-16.7282
145.93,-16.8682
145.932199999999,-16.8706
145.933899999999,-16.8724999999999
145.934699999999,-16.8739999999999
146.467199999999,-17.6535
146.1771,-17.6748
146.169,-17.6672
146.169199999999,-17.6741999999999
146.3937,-17.7223
145.3946,-15.9163
145.4362,-15.992
145.615399999999,-15.5023
145.533999999999,-15.5126
145.5464,-15.5061
145.5703,-15.5106
145.7793,-15.5149
145.7812,-15.5294
145.640899999999,-15.5352999999999
145.688199999999,-16.7338999999999
145.9361,-16.8754999999999
145.9392,-16.8782999999999
145.943299999999,-16.8815999999999
145.951699999999,-16.8903
146.1064,-17.7246999999999
146.1561,-17.7466
146.4353,-17.7733999999999
146.120299999999,-17.7698
146.1045,-17.8107
146.1028,-17.8342999999999
145.7962,-15.557
145.781,-15.5383999999999
145.7783,-15.5732
145.5934,-15.561
145.6491,-15.5584
145.533199999999,-15.5561
145.767799999999,-15.595
145.9982,-16.765
145.8947,-16.8867
145.9546,-16.8912
145.955999999999,-16.8941
145.9335,-16.9364999999999
145.9255,-16.9554
145.907999999999,-16.9727999999999
146.4838,-17.8493999999999
146.1159,-17.8566
146.1517,-17.9511
146.1388,-17.9640999999999
146.136,-17.9769
145.8051,-15.606
145.5147,-15.6069999999999
145.626299999999,-15.606
145.5081,-15.63
145.715,-15.6476
145.807999999999,-15.6462
145.8948,-16.8835
145.9563,-16.9011
145.9473,-16.9089999999999
145.994599999999,-16.9255999999999
146.0754,-16.6045
145.899499999999,-16.9942999999999
146.2098,-16.9933
146.0992,-17.9699999999999
146.5778,-17.5804
146.715399999999,-17.6695999999999
146.5439,-17.6979
146.554499999999,-17.7246999999999
146.572,-17.6939999999999
145.5079,-15.6705
145.8005,-15.7188
145.7821,-15.749
145.5816,-15.7765
145.8032,-15.7888
145.7752,-15.8114
145.7734,-15.8222
145.818999999999,-15.8297
145.9848,-16.933
145.9829,-16.9346999999999
145.9862,-16.9317999999999
145.9875,-16.9316999999999
145.988699999999,-16.9404
146.1951,-16.9503999999999
146.2168,-16.9529
146.211,-16.9984
146.1286,-17.0124999999999
146.1312,-17.0204999999999
146.4558,-16.9989999999999
146.461299999999,-17.0375
146.1848,-17.0734999999999
146.501499999999,-17.7387
146.5086,-17.7502999999999
146.6498,-17.7779999999999
146.516799999999,-17.7908
146.542499999999,-17.7563
145.5747,-15.8722999999999
145.7956,-15.8767
145.6568,-15.9050999999999
145.820799999999,-15.9498
146.001299999999,-16.9338
146.005599999999,-16.9237
146.4103,-17.0989
146.3451,-17.0927
146.4215,-17.1214
146.4693,-17.1268999999999
146.5488,-17.8326999999999
146.7264,-17.8749
146.5838,-17.8898
146.6003,-17.9695
145.666,-15.9758999999999
145.8315,-15.9906
145.851,-16.0179
145.867099999999,-16.0516
145.8347,-16.0346
145.858399999999,-16.0301
145.6928,-15.4466
145.655599999999,-15.5178999999999
145.458699999999,-16.0338999999999
145.901999999999,-16.9817
146.0079,-16.5185
146.0106,-17.1578
146.7944,-17.9451
146.768599999999,-17.9949
146.1569,-17.7732999999999
146.821499999999,-17.8939999999999
146.4846,-17.1494
146.681299999999,-17.5661999999999
145.897899999999,-17.0015
145.899599999999,-17.0047999999999
145.469799999999,-16.0716
145.462899999999,-16.1083
145.4462,-16.1666999999999
145.4858,-16.2443999999999
146.1293,-16.5275
146.001399999999,-16.5675999999999
146.017599999999,-16.582
146.163999999999,-16.6088999999999
146.022899999999,-16.6432
146.290799999999,-17.1847999999999
146.3683,-17.1971999999999
146.0772,-17.2091999999999
145.9,-17.0079999999999
146.1514,-18.0077
146.1664,-18.0259
146.176899999999,-18.0398999999999
146.1998,-18.0398
145.499599999999,-16.2979999999999
145.4242,-16.3614999999999
145.426999999999,-16.4027999999999
146.0419,-16.6236
146.035599999999,-16.6463
146.2521,-16.6876
146.0489,-16.6846
146.2743,-16.7272
146.077599999999,-17.2198999999999
146.0917,-17.2245999999999
146.202599999999,-18.0506999999999
146.4506,-18.0786
146.2902,-18.1481999999999
146.2672,-18.1560999999999
145.4199,-16.4071
145.4155,-16.4473999999999
145.419,-16.4244999999999
145.445699999999,-16.4735
145.7638,-16.0066999999999
145.6198,-16.0091
145.635099999999,-16.0149
145.7937,-16.0188999999999
145.8081,-16.0192
146.325799999999,-16.7342
146.3418,-16.7539
146.2688,-16.7743
146.1808,-16.8029
146.3547,-16.8064
146.357699999999,-16.8577
146.1636,-18.1673
146.1451,-18.1825
146.3237,-18.2353999999999
146.3142,-18.3476
146.3281,-18.3552
145.8077,-16.0340999999999
145.6997,-16.0234999999999
145.709499999999,-16.0329
145.646999999999,-16.0492999999999
145.739399999999,-16.0551999999999
145.7208,-16.0796999999999
145.756,-16.0766999999999
145.747099999999,-16.0860999999999
145.8332,-16.1040999999999
145.3778,-14.7103
145.165899999999,-14.7159999999999
145.161,-14.7215
145.1869,-14.7344
145.5754,-15.2871
145.7637,-15.3129
145.639199999999,-15.3188999999999
145.6473,-15.3309
145.752299999999,-15.3351
145.782199999999,-15.3633
143.841199999999,-13.9148
143.9505,-13.8968
144.7391,-14.239
144.6877,-14.2974
144.7896,-14.3095
144.859199999999,-14.3214
145.1995,-14.7347
145.1793,-14.7297999999999
145.1981,-14.7212999999999
145.204399999999,-14.7044999999999
145.193199999999,-14.7136999999999
145.1895,-14.7281999999999
145.5809,-15.3582
145.7662,-15.3886
145.766099999999,-15.3998
145.771999999999,-15.4102
145.508299999999,-15.4285999999999
145.6134,-15.4284
143.815699999999,-13.9646
143.614299999999,-13.9262999999999
143.7544,-13.9430999999999
143.647799999999,-13.9497
143.8411,-13.9604
143.6824,-13.9758
144.7413,-14.3191
144.9555,-14.3287999999999
144.7182,-14.3264999999999
144.7079,-14.3361
144.7201,-14.3412
144.595499999999,-14.3348999999999
144.5864,-14.3248
144.6506,-14.343
145.184699999999,-14.7177
145.2084,-14.7433999999999
145.276199999999,-14.718
145.1009,-14.7314
145.082699999999,-14.7362
145.3553,-14.7629
145.6585,-15.4301999999999
145.8,-15.4346999999999
145.676799999999,-15.4614999999999
145.6544,-15.484
145.5025,-15.4856
145.805,-15.4887999999999
144.091199999999,-13.5396
144.0993,-13.5916999999999
144.095699999999,-13.6004
144.1037,-13.6257
144.1073,-13.6457
144.7568,-14.3594
144.961,-14.3749
144.9506,-14.4133999999999
145.0872,-14.7805
145.315499999999,-14.7867999999999
145.3444,-14.7864
145.140099999999,-14.7881
145.135899999999,-14.7982999999999
145.2834,-14.8171
145.1816,-14.8162
145.1894,-14.8225
145.3281,-15.5045
145.352499999999,-15.5345999999999
145.3026,-15.5462
145.329299999999,-15.6015
145.3195,-15.6125
145.448299999999,-15.6247
145.429599999999,-15.6404999999999
145.318999999999,-15.6438
145.353299999999,-15.7097
144.1688,-13.6755999999999
144.236799999999,-13.7364999999999
144.2673,-13.7799999999999
144.8896,-14.4254
144.8118,-14.4322
145.272899999999,-14.8505
145.4798,-14.8544
145.5277,-14.8644
145.4889,-14.8695
145.515899999999,-14.9167
145.4779,-14.8946
143.5318,-13.3145
143.5393,-13.2824
143.5961,-13.2756
143.6731,-13.3082999999999
143.8903,-13.3157999999999
144.027099999999,-13.8562999999999
144.1354,-13.856
144.078599999999,-13.8537
144.3115,-13.8651
144.9582,-14.4572
144.6347,-14.4504
144.8932,-14.4631
144.7535,-14.4755
144.698,-14.4743999999999
145.487699999999,-14.9385999999999
145.3381,-14.9418
145.3342,-14.9483999999999
145.5886,-14.5475999999999
145.6234,-14.5999
145.6463,-14.6438
145.65,-14.6648
143.970699999999,-13.3239
143.950899999999,-13.3081999999999
143.5573,-13.3301
143.7246,-13.3279
143.600699999999,-13.3265999999999
143.5728,-13.3515999999999
144.063099999999,-13.9087
144.3564,-13.9209999999999
144.3495,-13.9465
144.4014,-13.9528
144.4545,-13.9773
144.5744,-13.9619
144.5521,-13.9758999999999
144.6431,-14.4741
144.637599999999,-14.4789999999999
144.958,-14.4773999999999
145.0025,-14.2332
145.0675,-14.2700999999999
145.164999999999,-14.2890999999999
145.181999999999,-14.3132
145.5388,-14.7072
145.5825,-14.7314
145.510799999999,-14.7449999999999
145.5309,-14.7826
145.5866,-14.7897
143.7785,-13.3302999999999
143.9619,-13.3671
143.5992,-13.3688
143.597399999999,-13.3826
143.610099999999,-13.4009
143.604899999999,-13.4086
144.5199,-13.9834999999999
143.6184,-13.5172
143.604099999999,-13.5427
143.8059,-13.4605
144.110099999999,-13.6572
143.686399999999,-14.0297
143.8222,-14.0135
145.237799999999,-14.3143999999999
145.235199999999,-14.329
145.277199999999,-14.3432999999999
145.3471,-14.3793
145.017599999999,-14.3638999999999
145.035,-14.3983
145.6902,-14.8119999999999
145.523599999999,-14.8244
145.5207,-14.8117
143.705199999999,-13.3798999999999
143.749799999999,-13.4168
143.9742,-13.3999
143.976,-13.4245
143.978,-14.0047
143.9353,-14.0523
143.9319,-14.0595
143.8589,-14.0637
143.9259,-14.0664
145.088799999999,-14.4094
145.322399999999,-14.4191
145.044,-14.4436
145.4104,-14.4448
145.618799999999,-14.8409
145.556999999999,-14.8829999999999
145.6904,-14.92
145.6817,-14.932
145.6901,-14.9504
145.6862,-14.9685
143.978199999999,-13.4397
143.6287,-13.4161
143.815499999999,-13.4232
143.688899999999,-13.4286999999999
143.706099999999,-13.4343
143.691599999999,-13.4368
143.6511,-13.4524
143.6254,-13.4537999999999
143.6215,-13.4667999999999
143.681099999999,-13.4751999999999
143.9139,-14.0778
143.9368,-14.1294
143.700799999999,-14.1381999999999
143.9331,-14.1785999999999
143.7742,-14.2205999999999
143.792399999999,-14.2257
143.7303,-14.2554
143.7799,-14.2889
145.480799999999,-14.4527
145.025299999999,-14.4731
145.2203,-14.4545999999999
145.536599999999,-14.4967
145.7021,-14.992
144.7037,-14.1232
144.6998,-14.1343
144.859399999999,-14.1937
143.929599999999,-14.0191
144.711299999999,-14.5572
145.4541,-14.9086
145.4642,-15.0038
143.7383,-13.4863
143.9958,-13.467
144.052899999999,-13.4774999999999
143.6553,-13.5425
144.1192,-13.9682999999999
144.2426,-14.0673999999999
144.3238,-14.0988
144.4849,-14.1037
144.4978,-14.1071
144.972199999999,-14.503
144.7653,-14.5025
145.4413,-15.0226
145.3793,-15.0934
145.263299999999,-15.0954999999999
145.2687,-15.0947
145.2641,-15.1008
143.791699999999,-13.5204
143.8504,-13.5525
144.002199999999,-14.1282999999999
144.3023,-14.1213
144.4841,-14.1426
144.485099999999,-14.1484
144.246,-14.1403
144.9154,-14.5058
144.8449,-14.5215999999999
144.973299999999,-14.5243
144.855999999999,-14.5395
144.9926,-14.5401
145.4225,-15.115
145.318099999999,-15.1384
145.247199999999,-15.1559
145.2682,-15.1588999999999
145.4961,-15.1659
145.3425,-15.2146
143.9221,-13.6407
143.7884,-13.683
143.8265,-13.6244999999999
143.9061,-13.6079
144.2534,-14.1517
144.2322,-14.1635
144.2193,-14.1739999999999
144.2166,-14.163
144.734299999999,-14.1743
144.246,-14.209
144.921699999999,-14.5408
144.9186,-14.5444
144.8699,-14.548
144.8502,-14.5508
144.9052,-14.5535
144.8888,-14.5624
144.9272,-14.5738
145.4314,-15.4138
145.417499999999,-15.4741
145.2898,-15.4777
145.2887,-15.4839
145.5111,-15.0061
145.5692,-15.0047999999999
145.695899999999,-15.034
145.7028,-15.0452999999999
145.679499999999,-15.0241
143.557199999999,-13.64
143.730099999999,-13.653
143.6912,-13.6697
143.817299999999,-13.7021999999999
143.5641,-13.7296999999999
143.6388,-13.7372
144.220599999999,-14.2162
144.268,-14.2218
144.3479,-14.2562
144.3564,-14.2712
144.7324,-14.0536999999999
144.6671,-14.089
144.5353,-14.0949
144.5771,-14.1012
144.9345,-14.6135
144.9231,-14.6407
144.951699999999,-14.6846
144.993699999999,-14.7119
144.9865,-14.7143999999999
144.952499999999,-14.7185
145.1584,-14.5073
145.466199999999,-14.5909
145.1781,-14.6602999999999
145.4683,-14.6145
145.532999999999,-15.0444999999999
145.569899999999,-15.0505999999999
145.517599999999,-15.0734999999999
145.7227,-15.0738
145.705199999999,-15.0748
145.6363,-15.098
145.6707,-15.0939999999999
143.836199999999,-13.7478
143.897799999999,-13.7535
143.9477,-13.7562
143.641099999999,-13.7719
144.525299999999,-14.1198999999999
144.6465,-14.1669
144.600699999999,-14.1598
145.4803,-14.6333
145.491099999999,-14.6518999999999
145.252199999999,-14.6546
145.569899999999,-15.1338
145.6968,-15.1373
145.7384,-15.1881
145.6209,-15.1976
143.5432,-13.7704
143.93,-13.83
143.961,-13.7613
143.979899999999,-13.7682
143.687099999999,-13.8463999999999
143.777999999999,-13.8446
144.2785,-14.1731
144.2528,-14.1933
144.2427,-14.1723
144.8,-14.1778999999999
144.538,-14.1837
144.891899999999,-14.2004
144.8526,-14.205
145.4471,-14.6574
145.466399999999,-14.6578
145.4502,-14.685
145.5558,-15.2064
145.7227,-15.2411999999999
145.5369,-15.2424
145.5872,-15.2507
145.7521,-15.2807
143.717999999999,-13.8652
143.937,-13.8666
143.638299999999,-13.8737999999999
143.644399999999,-13.882
143.6557,-13.9008
143.6013,-13.8851
143.892599999999,-13.9041999999999
143.678699999999,-13.9161
144.9283,-14.2121999999999
144.670199999999,-14.2037
144.9584,-14.2263
144.576899999999,-14.2325
145.472399999999,-14.6811
145.199999999999,-14.6689
148.934599999999,-20.3509999999999
148.9271,-20.3497999999999
148.962799999999,-20.3718
148.849899999999,-20.3252999999999
149.0821,-20.3008999999999
149.0994,-20.2809999999999
148.9291,-20.2988
148.920099999999,-20.2902999999999
148.846499999999,-20.3431
148.848,-20.3619999999999
149.1123,-20.2776
149.1057,-20.2622
148.8925,-20.0813999999999
148.974999999999,-20.0718999999999
148.8767,-20.0874999999999
148.9258,-20.2761999999999
148.945699999999,-20.2239
148.8509,-20.3743
148.8622,-20.3903
148.8606,-20.3534
149.0884,-20.3027
149.1201,-20.2691
148.6079,-20.0993999999999
148.951699999999,-20.2169999999999
148.9572,-20.18
148.9591,-20.1563
148.9684,-20.3276
148.980799999999,-20.3234999999999
148.874599999999,-20.3887
148.855799999999,-20.3249999999999
149.0881,-20.1402
149.094699999999,-20.3054999999999
148.572499999999,-20.1024999999999
148.6524,-20.1054999999999
148.9923,-20.3068999999999
149.0064,-20.3105
149.014299999999,-20.3159999999999
149.0318,-20.3070999999999
148.8874,-20.3755999999999
149.9966,-19.724
150.0421,-19.7161
150.0986,-19.7426999999999
150.168299999999,-19.8553
150.1694,-19.9101
150.1883,-19.8889999999999
150.2287,-19.8933
150.245499999999,-19.9107999999999
150.3942,-19.9231
148.2245,-19.2358
148.2414,-19.2328
148.2585,-19.1171
148.6644,-20.1092
148.9601,-20.3311999999999
148.8393,-20.2762999999999
148.827,-20.2778999999999
148.8338,-20.3707999999999
148.8607,-20.4139
148.542599999999,-19.0953
148.594699999999,-19.3802999999999
148.5952,-19.3229
148.6072,-19.3323
148.650299999999,-19.0716
148.6797,-19.1726999999999
148.7434,-19.3721999999999
148.747199999999,-19.2989999999999
148.760099999999,-19.3695999999999
148.9627,-19.2840999999999
149.021899999999,-19.3081
149.028899999999,-19.5268
148.714499999999,-20.1067
148.8315,-20.2624
148.8409,-20.2607
148.8518,-20.2668
149.0311,-19.1159
149.109399999999,-19.1365
149.117099999999,-19.26
149.1475,-19.3039999999999
149.166,-19.2453
149.172699999999,-19.6236999999999
149.2015,-19.5119
149.2029,-19.5207
149.2142,-19.2771
149.218799999999,-19.3257
148.5696,-20.1270999999999
148.6121,-20.1263
148.8492,-20.2825999999999
148.77,-20.2343
148.8459,-20.4308
148.8501,-20.4261
148.850599999999,-20.4265
148.938199999999,-20.4889
149.029,-20.1687
149.2289,-19.2865
149.239499999999,-19.5454
149.241,-19.5642999999999
149.245,-19.5399999999999
149.268599999999,-19.6578
149.2784,-19.2162
149.280399999999,-19.3503
148.6061,-20.1328
148.9472,-20.1223999999999
148.9342,-20.1586
148.9198,-20.1584
148.9023,-20.1519
148.8932,-20.1245
148.9102,-20.0777
148.7957,-20.2835
148.8016,-20.2876
149.039199999999,-20.1695999999999
149.032199999999,-20.1558999999999
149.287399999999,-19.4111
149.3512,-19.3943
149.3548,-19.2576
149.3796,-19.3328999999999
147.557199999999,-19.0224
148.925999999999,-20.0713
148.958499999999,-20.0648
148.9386,-20.0669
148.9572,-20.0841999999999
148.9562,-20.1040999999999
148.5798,-20.1458
148.801199999999,-20.2963999999999
149.007499999999,-20.1736
149.0093,-20.1747
149.1149,-20.1978
147.3701,-19.3510999999999
148.2535,-20.0227
148.274499999999,-20.0213
148.4516,-20.0220999999999
148.6074,-20.1470999999999
148.7089,-20.1841
148.757299999999,-20.2265
148.8211,-20.2296
148.791599999999,-20.2967
148.795999999999,-20.2989999999999
148.8466,-20.3047
149.0413,-20.2334
148.4696,-19.9939
148.4764,-19.9993
148.4764,-20.0034999999999
148.4751,-20.0186999999999
148.475599999999,-20.0267
148.475599999999,-20.0302
148.8304,-20.2488999999999
148.813999999999,-20.2536999999999
148.8099,-20.3027
148.7895,-20.3038999999999
148.9289,-20.3211
149.1425,-20.2273
149.160599999999,-20.2365999999999
148.475699999999,-20.0416999999999
148.8137,-20.2603
148.814699999999,-20.2565999999999
148.8154,-20.2532999999999
148.9117,-20.2422
148.7468,-20.2517999999999
148.9128,-20.2619
148.9177,-20.268
148.8606,-20.3358999999999
149.1421,-20.2336999999999
149.153799999999,-20.2403
148.2844,-20.0362
148.265899999999,-20.0713
148.474799999999,-20.0649
148.3375,-20.0764
148.301799999999,-20.0733999999999
148.9813,-20.1917
148.9935,-20.2227999999999
148.999599999999,-20.2375
149.0123,-20.2441999999999
148.9922,-20.3545
148.9974,-20.3572999999999
149.1737,-20.2482
148.2957,-20.0823
148.3085,-20.1088999999999
149.0558,-20.3015
149.0456,-20.3129999999999
149.041599999999,-20.3081
148.9661,-20.3442
148.962999999999,-20.3638
149.184599999999,-20.2548999999999
149.042,-20.2666
149.080099999999,-20.2622
149.0918,-20.2626999999999
148.6244,-20.0177
148.626499999999,-20.0222
148.9837,-20.3154
148.9556,-20.3145999999999
148.951899999999,-20.2938
148.949199999999,-20.3374999999999
148.9464,-20.3575
148.9488,-20.3644
149.0746,-20.276
149.072499999999,-20.2941
148.888,-20.0553999999999
148.5397,-20.0626
148.544299999999,-20.0597999999999
149.3365,-19.7489999999999
149.3676,-19.7606
149.3666,-19.7676
149.3715,-19.7685
149.3766,-19.7558
149.3775,-19.7548999999999
149.3776,-19.7563
149.3795,-19.7557
149.3998,-19.7596999999999
149.1989,-19.7193
149.477,-19.741
149.232599999999,-19.7619
150.3446,-19.9742999999999
150.239399999999,-19.9932
150.3223,-19.9043999999999
150.3495,-19.7931999999999
150.389299999999,-19.8112999999999
150.3698,-19.8596
150.356799999999,-19.8842
150.3633,-19.7966
150.3436,-19.8539999999999
149.4111,-19.4368
149.4189,-19.489
149.5187,-19.4802
147.526299999999,-18.7978999999999
147.645,-18.8225
148.016699999999,-18.7974999999999
147.976699999999,-18.824
147.883299999999,-18.8594
147.7439,-18.9035
148.8195,-19.1270999999999
148.5492,-19.2009
148.8708,-19.1463
148.9288,-19.166
148.593899999999,-19.1978
148.9599,-19.1904
148.8797,-19.1880999999999
148.6117,-19.2030999999999
148.903099999999,-19.2137999999999
149.185399999999,-19.7907
149.1183,-19.8040999999999
149.125599999999,-19.7527
149.0736,-19.8070999999999
149.425299999999,-19.8005
149.5877,-19.5156999999999
149.742999999999,-19.5303
149.5976,-19.5578
149.5258,-19.3905999999999
149.5384,-19.5354999999999
149.5523,-19.3389999999999
149.578499999999,-19.4209
149.647799999999,-19.7628999999999
149.6517,-19.4959999999999
149.6592,-19.7828
149.6681,-19.8111
149.6715,-19.5384999999999
147.6936,-18.8637
147.9505,-18.8996999999999
147.9206,-18.8947
147.8923,-18.9057
147.867999999999,-18.9055
147.896899999999,-18.9249
147.9093,-18.9388
147.6945,-18.9557
148.816399999999,-19.2099
148.6159,-19.2648
148.5507,-19.2598999999999
148.984199999999,-19.2755
148.6305,-19.3203999999999
148.6317,-19.3420999999999
149.6612,-19.5731
149.7083,-19.5851
149.568,-19.5812999999999
149.504799999999,-19.5882
149.6321,-19.6104999999999
149.669299999999,-19.6291
149.7698,-19.6029
149.7247,-19.6099
149.724799999999,-19.6245
149.6816,-19.9759999999999
149.685,-19.5638
149.7016,-19.5039
149.698399999999,-19.5446999999999
149.708599999999,-19.6595
149.754799999999,-19.715
149.762,-19.7915999999999
148.0328,-18.8164
148.128899999999,-18.8369
148.071,-18.8366
148.1646,-18.8570999999999
148.0787,-18.8542999999999
148.1506,-18.8732
148.1963,-18.8884
148.245299999999,-18.8926
148.253099999999,-18.9240999999999
148.318,-18.9333999999999
148.289099999999,-18.9549999999999
148.6346,-19.3591
148.6848,-19.3499
148.9899,-19.3432
148.726699999999,-19.3514
148.659899999999,-19.4228999999999
149.8496,-19.6159
149.878999999999,-19.6330999999999
149.7593,-19.6398
149.842999999999,-19.6416
149.7193,-19.6553
149.7542,-19.6644
149.5789,-19.6668999999999
149.6935,-19.6709999999999
149.7621,-19.7898999999999
149.763299999999,-19.7913999999999
149.766699999999,-19.7237
149.775499999999,-19.7279
149.797699999999,-19.5675999999999
149.8357,-19.9514999999999
149.8442,-19.9396999999999
149.871299999999,-19.6051
149.880599999999,-19.6217
149.9078,-19.6784
149.918299999999,-19.6511
149.9499,-19.6641
148.0525,-18.9718
148.3767,-18.9506
148.4267,-18.9756
147.512599999999,-18.6302999999999
147.4899,-18.6735
148.5454,-18.9252
148.484199999999,-18.9876
147.3903,-18.385
148.7759,-19.3747
148.717,-19.4546999999999
148.735,-19.5017999999999
148.7853,-19.4982
149.925999999999,-19.6679999999999
149.9524,-19.6583
149.6525,-19.6829
149.5259,-19.6819999999999
149.538299999999,-19.6915
149.7298,-19.6885
146.8711,-18.4828
147.015899999999,-18.2095999999999
147.384199999999,-18.2655999999999
147.1746,-18.3434999999999
147.0813,-18.3471
147.4173,-18.5478999999999
147.4417,-18.5511
147.4777,-18.5645999999999
147.5815,-18.425
147.807799999999,-18.4948
148.0992,-18.8255
148.1201,-18.7894
148.181099999999,-18.8204999999999
148.245299999999,-18.8484
148.2949,-18.8768999999999
148.7902,-19.4528
148.9986,-19.4106999999999
148.867799999999,-19.4029999999999
148.8562,-19.4380999999999
149.8015,-19.6979
149.9096,-19.6987999999999
149.9779,-19.6929
149.6112,-19.7122999999999
149.612799999999,-19.7204
149.6866,-19.7053
149.742799999999,-19.7085
149.7593,-19.7104
147.2054,-18.3612
147.2588,-18.3736999999999
147.4487,-18.4136999999999
147.139399999999,-18.4146
147.348899999999,-18.4222
147.0581,-18.4318999999999
147.0377,-18.5047999999999
148.3925,-18.8773
148.4429,-18.8934
148.483399999999,-18.9057
146.9695,-18.1568
146.9786,-18.146
146.3461,-18.9373
146.6276,-19.0226
148.824,-19.4804999999999
148.897899999999,-19.4912999999999
149.0198,-19.2047999999999
149.093999999999,-19.2266
149.0967,-19.2785
149.063799999999,-19.2832
149.766699999999,-19.7116
149.8076,-19.7166
149.9248,-19.7087
149.976,-19.7185999999999
149.708,-19.7247999999999
149.9609,-19.7364
149.7852,-19.7403
147.103399999999,-18.4929999999999
147.4001,-18.4788
147.5224,-18.4349999999999
146.4905,-18.5557
146.4879,-18.6021
146.6297,-19.0284
146.609399999999,-19.038
146.5867,-19.0345
146.5611,-19.0980999999999
146.880799999999,-19.1086999999999
149.243599999999,-19.3108
149.0427,-19.3263
149.187999999999,-19.3331
149.215,-19.3420999999999
149.1585,-19.3516
149.025499999999,-19.35
149.031399999999,-19.3710999999999
149.0971,-19.3592
149.114299999999,-19.3599
149.683899999999,-19.7406
149.616999999999,-19.7578999999999
149.729299999999,-19.7551999999999
149.6541,-19.7580999999999
149.6562,-19.7645
149.6594,-19.7659999999999
149.7252,-19.7684
149.6249,-19.7853999999999
149.7615,-19.7840999999999
146.495,-18.634
146.491,-18.6578
146.505599999999,-18.6390999999999
146.496199999999,-18.5912
146.330999999999,-18.6825
146.4336,-18.8123
146.562999999999,-18.6649999999999
146.8112,-19.1651999999999
146.850599999999,-19.1687
146.864499999999,-19.1548
146.881,-19.1215
146.882299999999,-19.117
146.8613,-19.111
149.071499999999,-19.3728
149.416,-19.3413
149.184699999999,-19.3692999999999
149.036499999999,-19.3949
149.450799999999,-19.4429
149.226499999999,-19.4590999999999
149.6951,-19.7899999999999
149.705,-19.8061
149.721399999999,-19.8033
149.616,-19.818
149.729899999999,-19.8386
146.5558,-18.675
146.5119,-18.6774999999999
146.5771,-18.7182999999999
146.8152,-19.116
146.8339,-19.1099
146.789999999999,-19.1208999999999
146.8349,-19.1851999999999
146.814699999999,-19.1977
146.793299999999,-19.2097
147.065599999999,-19.1794
149.1502,-19.4514
149.052899999999,-19.5006999999999
149.7764,-19.8264
149.8949,-19.8456
149.5997,-19.8592
149.581999999999,-19.8721
149.718799999999,-19.8798999999999
149.6989,-19.8953999999999
146.6097,-18.7665
146.6802,-18.7638
146.6917,-18.7513
146.6442,-18.7363
146.5994,-18.6947
146.583499999999,-18.6824
147.0628,-19.2464
147.0629,-19.2731999999999
147.9276,-19.0326999999999
147.6369,-19.1415
147.857599999999,-19.3614999999999
147.943,-19.3588999999999
149.1193,-19.5006999999999
149.6302,-19.4607999999999
147.759199999999,-19.727
147.895999999999,-19.8535
148.357599999999,-19.7255
149.825799999999,-19.9173
149.7795,-19.9405
149.7879,-19.9309
149.75,-19.9405
149.623799999999,-19.9653999999999
146.550099999999,-18.7689999999999
146.5204,-18.7734999999999
146.6661,-18.7771
146.535799999999,-18.7776
146.525499999999,-18.8293
147.8829,-19.4468
148.0966,-19.0206
148.341299999999,-19.0146
148.429,-19.0365
148.3042,-19.0473
148.1815,-19.0593
148.0774,-19.0705999999999
148.3634,-19.7288999999999
148.364499999999,-19.9868999999999
149.725699999999,-20.0098999999999
149.7571,-19.997
149.7324,-19.9764
150.007499999999,-19.7101
146.5378,-18.8427
146.6311,-18.9637999999999
146.6192,-18.9761999999999
146.6849,-18.9956
147.147799999999,-18.5097999999999
147.140199999999,-18.5472
148.2011,-19.0816
148.230999999999,-19.0775
148.2468,-19.0932
148.267,-19.0935999999999
148.2869,-19.0957
148.461099999999,-19.0831
148.322499999999,-19.0961
148.306299999999,-19.1043999999999
148.2999,-19.1951
148.979,-19.5237
148.881599999999,-19.5304
148.943199999999,-19.5385999999999
148.936,-19.5607
150.085399999999,-19.7559
150.1206,-19.7862
150.1523,-19.7979999999999
150.0976,-19.8139
147.4456,-18.4971
147.4024,-18.5281999999999
147.231799999999,-18.5465
147.1927,-18.5505999999999
147.498899999999,-18.5613999999999
147.053,-18.6311
147.298399999999,-18.6246
147.425999999999,-18.6252
148.3891,-19.1703
148.2974,-19.1478
148.345599999999,-19.1104999999999
148.383999999999,-19.1206999999999
148.9442,-19.5786
148.555499999999,-19.9954
149.221499999999,-19.5199
149.2307,-19.5314
149.002199999999,-19.5279999999999
150.0757,-19.823
150.1833,-19.8283999999999
150.1004,-19.8329999999999
150.220499999999,-19.8659
150.287399999999,-19.879
150.280399999999,-19.8658
150.2974,-19.8535
147.1031,-18.6902
147.2682,-18.7459999999999
147.5388,-18.4985
147.571499999999,-18.5763
147.841199999999,-18.5816
147.555499999999,-18.6055999999999
148.4721,-19.1352
148.1886,-19.1219
148.1806,-19.1313999999999
148.159899999999,-19.1828
148.0718,-19.1963
149.043399999999,-19.5386999999999
149.039199999999,-19.5559
149.271099999999,-19.5353999999999
149.3663,-19.5321
149.395299999999,-19.5329
149.387599999999,-19.5377
149.3897,-19.5158999999999
149.3912,-19.535
150.3051,-19.8707999999999
150.2492,-19.8887
150.293,-19.8934
150.1629,-19.9026999999999
150.199999999999,-19.9205
147.635099999999,-18.6083
147.5979,-18.6416
147.6148,-18.6583
147.565699999999,-18.6579
147.5633,-18.6678
147.716299999999,-18.6452999999999
147.857,-18.6937
148.1866,-19.1918
148.349799999999,-19.2786
148.080099999999,-19.2947999999999
149.3964,-19.5432999999999
149.397899999999,-19.5281999999999
149.375499999999,-19.5448999999999
149.353,-19.5474
149.4326,-19.5483
149.2474,-19.5781999999999
149.2373,-19.5885
149.4944,-19.5713
150.2714,-19.9111
150.313799999999,-19.9256999999999
150.331099999999,-19.9374
150.178699999999,-19.9425999999999
150.3347,-19.9449
150.3493,-19.9544
150.2075,-19.9561999999999
147.5428,-18.7221
147.8889,-18.7205
147.8416,-18.7314
147.708499999999,-18.7698
147.9453,-18.7516
147.933899999999,-18.7647
147.8735,-18.7741
148.4359,-19.3216
148.337899999999,-19.3669
148.0881,-19.3830999999999
148.563899999999,-19.0315
148.692,-19.0865
148.6885,-19.1123
148.9069,-19.1194999999999
149.4137,-19.5890999999999
149.418499999999,-19.6458
149.374699999999,-19.6961
149.1849,-19.6877
149.302699999999,-19.7503999999999
150.590399999999,-20.0532
150.6053,-20.1051
150.6122,-20.0229
150.612699999999,-20.1031
150.615399999999,-20.0784999999999
150.6216,-20.1055999999999
150.6336,-20.1096
150.6439,-20.0733
150.6448,-20.0916
150.6627,-20.1433
150.6763,-20.1552
150.682199999999,-20.1411
149.8838,-21.4654999999999
149.6643,-21.4713999999999
149.9247,-21.4761999999999
149.9113,-21.4816
150.9547,-20.7666
150.9075,-20.7686999999999
150.8966,-20.7796999999999
150.8141,-20.7983
150.8934,-20.8063
150.9862,-20.864
150.953599999999,-20.8865
150.623099999999,-20.9045999999999
151.003199999999,-20.8321
152.180399999999,-20.9229999999999
152.2122,-20.9163
152.2228,-20.9206
152.229,-20.9410999999999
152.2347,-20.9222
152.246299999999,-20.9251
152.2585,-20.9331999999999
152.3271,-20.9644
148.5447,-20.0747
148.553699999999,-20.0719999999999
148.5557,-20.094
148.6673,-20.2089
149.9205,-21.4895
149.893499999999,-21.4941999999999
149.9297,-21.4953
149.9136,-21.4991999999999
150.535,-20.9412999999999
150.5291,-20.9834
150.5213,-21.0112999999999
150.658999999999,-20.952
150.917599999999,-20.9644
150.5147,-20.1842
150.556199999999,-20.3598
150.5599,-20.3249
150.563099999999,-20.3203
150.577,-20.4429
150.585299999999,-20.2107999999999
150.589699999999,-20.4493
150.594799999999,-20.3775
150.602,-20.5871999999999
148.6746,-20.1846
148.773699999999,-20.2532999999999
148.7893,-20.2752
150.081799999999,-21.0258
150.2562,-21.0655
150.2389,-21.1151
150.5088,-21.0513
150.4562,-21.0781999999999
150.951899999999,-20.9728999999999
151.015199999999,-20.5391
151.087099999999,-20.5307
151.001299999999,-20.6191999999999
151.0317,-20.64
151.0438,-20.6557999999999
151.013399999999,-20.6788999999999
150.9966,-20.6947
151.0363,-20.6851999999999
151.074299999999,-20.6695999999999
150.6062,-20.2722
150.6086,-20.3274
150.6302,-20.442
150.631499999999,-20.3725999999999
150.6326,-20.3806
150.6353,-20.2692
150.6361,-20.3775
150.6374,-20.2386
150.651299999999,-20.5004999999999
150.6774,-20.4715999999999
150.678599999999,-20.481
148.7974,-20.2773
148.8193,-20.3416
148.9018,-20.478
148.9059,-20.5046
150.423599999999,-21.0568999999999
150.49,-21.041
150.481799999999,-21.1228
150.3092,-21.4675
151.0886,-20.6933
151.0628,-20.6911999999999
151.111999999999,-20.7161
151.152899999999,-20.7182999999999
151.1511,-20.7334999999999
151.0182,-20.7449
150.9949,-20.7027
151.0415,-20.7184999999999
151.0482,-20.7245999999999
150.6809,-20.2459999999999
150.69,-20.4802
150.6929,-20.4693
150.699999999999,-20.1798
150.7072,-20.4667999999999
150.715599999999,-20.5283
150.7199,-20.4694
150.7221,-20.6263
150.724099999999,-20.2290999999999
148.9173,-20.5351
148.9335,-20.3204999999999
149.9829,-20.3063
150.1251,-20.5689999999999
150.241899999999,-20.5154999999999
150.3811,-20.5340999999999
151.0684,-20.8072
151.0576,-20.8819
151.0876,-20.8061
151.1979,-20.7654999999999
151.197399999999,-20.7772
151.160599999999,-20.8002
151.0025,-20.8165
150.7323,-20.2186999999999
150.7328,-20.4648
150.736999999999,-20.4247
150.7375,-20.2262999999999
150.737699999999,-20.4325
150.746399999999,-20.3547
150.7474,-20.4142
150.7554,-20.4432
150.7607,-20.4205
150.7641,-20.4025
149.0686,-20.2856999999999
150.382299999999,-20.5991
150.4344,-20.6031
150.3888,-20.6465
151.186399999999,-20.8687
151.228399999999,-20.8427
151.247199999999,-20.8684
151.2383,-20.9289999999999
150.7673,-20.1602
150.7697,-20.404
150.77,-20.2029
150.772799999999,-20.7009
150.7782,-20.4564999999999
150.7799,-20.7052
150.7799,-20.5759
150.451699999999,-20.6472
150.4516,-20.6841
150.4512,-20.6759999999999
150.446599999999,-20.6846999999999
150.449,-20.6893999999999
150.4567,-20.6895999999999
150.461099999999,-20.6906
151.191599999999,-20.9011999999999
151.043399999999,-20.9148999999999
151.3343,-20.8398
151.3068,-20.8835
151.2109,-20.9315
151.205999999999,-20.8948
151.3249,-20.9422999999999
150.7828,-20.414
150.7971,-20.2037
150.798399999999,-20.5605
150.8035,-20.3006999999999
150.842,-20.5906999999999
150.8425,-20.2478
150.851599999999,-20.2631
150.875599999999,-20.5934999999999
150.879099999999,-20.5837
148.9648,-20.3675999999999
148.9632,-20.3691999999999
148.8914,-20.4849999999999
150.4658,-20.6341
150.231799999999,-20.6808
150.286499999999,-20.6541999999999
150.186399999999,-20.7007
150.415799999999,-20.6826
151.183799999999,-20.9604
151.2469,-20.9697
151.355999999999,-20.9592999999999
151.344799999999,-21.0116
151.3382,-20.9842
151.395999999999,-20.9712
151.302799999999,-20.9852999999999
150.877299999999,-20.3023999999999
150.8906,-20.6482999999999
150.8924,-20.6269999999999
150.892599999999,-20.6337
150.894499999999,-20.4373
150.894399999999,-20.5723999999999
150.8985,-20.6404
149.9417,-20.0498
149.3038,-21.0543
149.2435,-21.0972
149.2911,-21.1256999999999
150.4677,-20.7173
150.484399999999,-20.7814
150.453399999999,-20.8039999999999
150.3752,-20.8218999999999
151.4796,-20.9899999999999
151.9677,-20.8881
152.18,-20.93
152.072499999999,-20.9445
152.252,-20.9628
152.2835,-20.9723
150.899499999999,-20.6641
150.899599999999,-20.6573999999999
150.901999999999,-20.6497999999999
150.908899999999,-20.6863999999999
150.910599999999,-20.6483999999999
150.9139,-20.6437999999999
150.9282,-20.8319
150.9335,-20.369
150.9485,-20.4429
149.2912,-21.1358
149.2886,-21.1450999999999
149.2961,-21.1543999999999
149.316499999999,-21.1602999999999
149.286499999999,-21.1625
149.310599999999,-21.1713999999999
149.245,-21.1331999999999
149.239499999999,-21.1607999999999
150.3786,-20.8586999999999
150.0325,-20.9093
150.080099999999,-20.9621
152.395999999999,-20.9906
152.0645,-20.9854999999999
152.0859,-20.9925
152.1103,-21.0019999999999
150.4059,-20.0148
150.1463,-20.2442999999999
150.9537,-20.3909999999999
150.97,-20.4145
150.980999999999,-20.7993999999999
150.9875,-20.4354
151.0145,-20.8138
151.021899999999,-20.4725
151.034899999999,-20.5553999999999
151.0372,-20.4850999999999
151.0515,-20.4971
151.068,-20.8678999999999
149.2654,-21.1737
149.2682,-21.2673999999999
149.287,-21.2749999999999
149.301899999999,-21.2930999999999
149.3255,-21.3284999999999
149.318999999999,-21.3721
149.3331,-21.413
150.711099999999,-20.5137
150.8617,-20.5123
150.801799999999,-20.5222
150.7585,-20.5280999999999
150.5624,-20.5648
150.5762,-20.5408
150.592199999999,-20.5673999999999
150.754099999999,-20.5479999999999
150.723199999999,-20.5634
150.7733,-20.5666
148.695699999999,-20.2666
149.007,-20.4060999999999
149.116199999999,-20.5980999999999
151.072599999999,-20.8607
151.0752,-20.8062
151.1056,-20.8198
151.105999999999,-20.7022
151.12,-20.5581999999999
150.613,-20.9843
150.724999999999,-20.9818
151.2058,-20.8418999999999
151.221499999999,-20.9463
151.250699999999,-20.9459
151.2629,-20.9435
149.3372,-21.4296
149.4918,-21.4235
149.4583,-21.4547999999999
149.494,-21.4679
149.3914,-21.4749
149.3959,-21.4974999999999
149.9002,-21.015
150.822399999999,-20.5643999999999
150.8385,-20.5686
150.9984,-20.5542
150.7459,-20.5742
150.8648,-20.5845999999999
150.7665,-20.5963999999999
148.9394,-20.3345999999999
151.5072,-20.8682
151.528699999999,-20.9610999999999
151.5523,-20.8936999999999
151.263399999999,-20.8089
151.297599999999,-20.8296999999999
151.3647,-20.9938
151.3706,-20.9963
151.370499999999,-20.9578999999999
151.3796,-20.9914999999999
151.3975,-20.8651
149.547599999999,-21.0302
149.935499999999,-21.1025999999999
149.6301,-21.2669
150.732699999999,-20.6236
150.8052,-20.6233
150.853199999999,-20.6185
150.9024,-20.6179999999999
150.9173,-20.6079
151.568,-20.9772
151.588699999999,-20.9564999999999
151.615399999999,-20.9226999999999
151.6516,-20.9863
151.6595,-20.942
151.662499999999,-20.9068
151.704399999999,-20.9292
151.723299999999,-20.9538
151.731699999999,-20.9783
151.7663,-20.9746999999999
151.400499999999,-20.8096999999999
151.4408,-20.8304
151.453599999999,-20.9148
151.4592,-20.9055
151.4677,-20.8468
151.4719,-20.9086
151.4768,-20.8510999999999
151.480799999999,-20.8586999999999
151.3386,-20.9999
150.440499999999,-20.7371
150.456999999999,-20.7410999999999
149.681299999999,-21.315
149.6654,-21.3265999999999
149.6579,-21.3709999999999
149.8298,-21.3755999999999
150.920099999999,-20.6038
150.923399999999,-20.6091
150.9213,-20.6136
150.9205,-20.6218
150.992999999999,-20.6259
150.955199999999,-20.6309
150.981599999999,-20.646
150.699299999999,-20.6612
150.735899999999,-20.6446
150.752999999999,-20.634
151.835299999999,-20.9355
151.8523,-20.9560999999999
151.871,-20.917
151.8872,-20.9061999999999
151.8964,-20.9502999999999
151.9127,-20.8976
151.9172,-20.8891999999999
151.9977,-20.8858
152.001399999999,-20.8950999999999
152.0064,-20.8904999999999
149.886699999999,-20.0064999999999
149.934699999999,-20.1704
149.960299999999,-20.0163
149.9682,-20.1472
149.973099999999,-20.0261
150.0616,-20.2786
150.315,-20.1247
150.371399999999,-20.0999
150.3728,-20.1101999999999
150.3736,-20.0326999999999
150.375599999999,-20.0529
150.382,-20.0741
150.386799999999,-20.0743
149.8076,-21.388
149.568099999999,-21.4182999999999
149.604899999999,-21.4115
149.5761,-21.4749
149.8213,-21.434
150.873099999999,-20.6728999999999
150.776299999999,-20.6828
150.8341,-20.6966
150.9849,-20.6778
152.055,-20.9011
152.0637,-20.8926
152.0954,-20.9816
152.098,-20.9307
152.0979,-20.9189
152.1115,-20.9129
152.117999999999,-20.9188
152.118799999999,-20.9533999999999
152.1288,-20.9758
152.1329,-20.9120999999999
152.1604,-20.9271999999999
150.3897,-20.1033
150.3968,-20.0779999999999
150.4033,-20.1076
150.406,-20.0443
150.4095,-20.1457
150.413,-20.1453999999999
150.4144,-20.1367
150.425,-20.0365
150.431999999999,-20.0631999999999
150.488699999999,-20.2333
150.583,-20.0611
149.713799999999,-21.4481
149.848099999999,-21.4438999999999
149.7002,-21.4679
149.824999999999,-21.4666999999999
149.8737,-21.4562999999999
150.884199999999,-20.7264
150.9379,-20.7053
150.759899999999,-20.7084
150.8204,-20.7137999999999
149.1096,-20.5413999999999
149.100599999999,-20.5447999999999
149.104899999999,-20.5514
149.4318,-20.93
149.4482,-20.9337
149.469799999999,-20.9299
149.3888,-20.9300999999999
149.4188,-20.9320999999999
149.4813,-20.9354
149.0592,-20.5220999999999
149.0706,-20.5069
149.090599999999,-20.4867999999999
150.7057,-20.3215
150.5833,-20.3553999999999
150.598999999999,-20.3721
149.110999999999,-20.5524999999999
149.12,-20.5475999999999
149.1198,-20.5411
149.1262,-20.5483
149.1507,-20.986
149.7512,-20.5422
149.9512,-20.5401999999999
149.9282,-20.5596999999999
149.0997,-20.4850999999999
149.0874,-20.459
149.083,-20.4414
149.075899999999,-20.4509
149.0891,-20.4271999999999
149.8308,-20.0149
150.6549,-20.3506
150.712999999999,-20.3547
150.7529,-20.3786999999999
150.8093,-20.3495999999999
150.683799999999,-20.3706999999999
149.105799999999,-20.541
149.133199999999,-20.5490999999999
149.077699999999,-20.5531
149.158099999999,-20.6646
149.1439,-20.6829
149.6201,-20.7715999999999
149.6149,-20.859
149.589599999999,-20.8657
149.738699999999,-20.9509
149.812099999999,-20.0633
149.946699999999,-20.036
149.941,-20.0316
149.9496,-20.0405
149.9539,-20.0341999999999
149.948299999999,-20.0576
149.959599999999,-20.0612999999999
149.934,-20.0625
150.852499999999,-20.3464999999999
150.8622,-20.3321
150.583699999999,-20.3977
150.6147,-20.3963
150.6878,-20.4119999999999
150.722199999999,-20.4068
149.1421,-20.6953999999999
149.159699999999,-20.6817999999999
149.137599999999,-20.6909999999999
149.1502,-20.6695999999999
149.138399999999,-20.6816
149.7818,-20.9864999999999
149.798,-20.9881999999999
150.055299999999,-20.5634
149.926099999999,-20.1017
149.990399999999,-20.0559
149.9391,-20.1323
150.3204,-20.0067999999999
150.2612,-20.0071
150.7509,-20.4133999999999
150.911399999999,-20.4185
150.931299999999,-20.4147
150.7264,-20.4466
150.9641,-20.5074
149.1114,-20.5878
149.097399999999,-20.6816
149.068999999999,-20.3042
149.0264,-20.3551
150.2426,-20.0271
150.014299999999,-20.0237
150.0226,-20.0662999999999
150.4272,-20.0532
150.417599999999,-20.0845999999999
150.1952,-20.1021
150.394499999999,-20.0836
150.4667,-20.0734999999999
150.846,-20.4727
150.600799999999,-20.5168
150.717299999999,-20.4858
150.8295,-20.4957999999999
148.8192,-20.5034999999999
148.808899999999,-20.5093
149.063799999999,-20.6151
149.186299999999,-20.6008999999999
149.072499999999,-20.6258
149.1816,-20.6157
149.029799999999,-20.3988
150.450099999999,-20.0774
150.481699999999,-20.0884
150.4271,-20.1209999999999
150.3854,-20.1482999999999
150.316399999999,-20.1007
149.4822,-20.1439999999999
148.807799999999,-20.5140999999999
148.929,-20.5288
148.936299999999,-20.5281999999999
149.071,-20.6446
149.0608,-20.6454999999999
149.007,-20.4234
150.008999999999,-20.12
150.071499999999,-20.1894999999999
150.3692,-20.1739
150.4462,-20.1412
148.9258,-20.5415999999999
148.8625,-20.5813999999999
149.0882,-20.6625
149.153799999999,-20.6527999999999
149.226599999999,-20.6463
149.070699999999,-20.6634999999999
149.0949,-20.6735
149.1408,-20.6758999999999
149.016099999999,-20.4209
149.072,-20.1435999999999
150.4721,-20.1932
148.877999999999,-20.5980999999999
148.8677,-20.6126
148.7221,-20.6282
148.730899999999,-20.6463
148.759999999999,-20.6721
149.1894,-20.6769
149.1853,-20.6885
149.182199999999,-20.6823
149.176799999999,-20.6765
149.071599999999,-20.1558999999999
150.1014,-20.2937
150.1322,-20.3432
150.068099999999,-20.3496999999999
148.7587,-20.6868
148.740199999999,-20.6961
148.777899999999,-20.7297
148.7927,-20.7511
148.7946,-20.7674999999999
148.8547,-20.7826999999999
149.200999999999,-20.6992
149.206799999999,-20.6984999999999
149.1415,-20.7062999999999
149.031,-20.4319999999999
149.0285,-20.4464
149.051899999999,-20.4559
149.043,-20.4356
150.096,-20.3486
150.2002,-20.3413
150.073299999999,-20.3684
150.125499999999,-20.4005
150.2016,-20.4071
148.8369,-20.7862
148.8794,-20.7952
149.1396,-20.7106999999999
149.1549,-20.7231999999999
149.1275,-20.6935
149.148799999999,-20.7389
149.2324,-20.7325
149.0585,-20.4463
149.1023,-20.4354
149.009999999999,-20.4491
150.2367,-20.402
150.2407,-20.446
150.1517,-20.4811
150.204199999999,-20.4751
150.2898,-20.4681
150.5465,-20.0305
148.872199999999,-20.8047
148.8417,-20.8246
148.8812,-20.8221999999999
148.900299999999,-20.8204999999999
149.4695,-20.7411999999999
149.4845,-20.7405
149.4358,-20.7663
149.1617,-20.7523
149.107,-20.4634
150.5077,-20.0727
150.503199999999,-20.0844999999999
150.597199999999,-20.0694
150.554399999999,-20.0753999999999
150.6313,-20.0803
150.5123,-20.0949999999999
150.497099999999,-20.1069
150.5773,-20.1032
150.644399999999,-20.1254999999999
150.690599999999,-20.1408999999999
150.520999999999,-20.1621999999999
150.7353,-20.1645
150.6586,-20.166
148.8957,-20.8281999999999
148.9271,-20.8415
149.2714,-20.7594999999999
149.2706,-20.7646
149.2589,-20.7733999999999
149.3975,-20.7771
149.0354,-20.4701999999999
149.127999999999,-20.4713999999999
150.5351,-20.1795
150.6262,-20.1905
150.5609,-20.2009
150.6434,-20.2053
150.709599999999,-20.2030999999999
150.547,-20.2243999999999
148.939899999999,-20.861
148.9187,-20.8462999999999
149.281499999999,-20.8001
149.054499999999,-20.4856
149.0319,-20.4223
150.5115,-20.2607
150.653899999999,-20.2306999999999
150.7448,-20.2411999999999
150.7649,-20.2289999999999
148.959399999999,-20.8709999999999
148.9915,-20.8917
149.2671,-20.8172999999999
149.281399999999,-20.8433999999999
149.243599999999,-20.8599
149.0326,-20.8996999999999
149.059,-20.9174
149.355099999999,-20.9135999999999
149.1115,-20.4897999999999
149.06,-20.474
149.081099999999,-20.4366999999999
150.5599,-20.2808999999999
150.711,-20.2569
150.6425,-20.2753
150.74,-20.2593
150.737699999999,-20.2788
150.756599999999,-20.2691
150.7418,-20.3032
149.089599999999,-20.5065999999999
149.0843,-20.5217999999999
149.3913,-20.9099
149.401,-20.9185
149.413,-20.9213999999999
149.437099999999,-20.9041999999999
149.078599999999,-20.4582
149.0735,-20.4731999999999
149.0548,-20.4994
149.688099999999,-20.0316
150.6072,-20.3027
150.8041,-20.2814
150.7932,-20.2905
150.5782,-20.3339
150.6672,-20.324
149.0875,-20.5332
152.0277,-21.64
152.0333,-21.675
152.034799999999,-21.6677
152.0675,-21.6957999999999
152.0779,-21.6398
152.0809,-21.6371
152.098999999999,-21.4338
152.1004,-21.5657
152.1421,-21.6418
152.143499999999,-21.6384
152.1457,-21.5486
149.595499999999,-22.1429
149.6065,-22.1530999999999
149.842999999999,-22.1377999999999
149.9403,-22.1356
149.877,-22.2168999999999
152.3022,-21.5722999999999
151.9982,-21.5711
152.2551,-21.5718999999999
152.4419,-21.5720999999999
152.3674,-21.5794
152.4068,-21.5789
152.4044,-21.5932
152.4661,-21.9628
152.3475,-21.9762999999999
152.3741,-21.98
152.2322,-21.9783
152.477,-21.9814
152.4641,-21.9822999999999
152.147899999999,-21.6403
152.1499,-21.9139
152.1514,-21.6356
152.1527,-21.9104999999999
152.1544,-21.9187
152.160699999999,-21.7624999999999
152.163,-21.5611999999999
152.179,-21.4969
152.2072,-21.4603
152.2062,-21.8626
152.2067,-21.4166999999999
152.3252,-21.5894
152.074999999999,-21.5916
152.1929,-21.6036
152.3685,-21.6056999999999
152.4734,-21.6109
152.545899999999,-21.5485
152.5343,-21.5731
152.5394,-21.6621999999999
152.508399999999,-21.7136999999999
152.2083,-21.5287
152.2105,-21.8645999999999
152.2141,-21.4112
152.2151,-21.5149
152.2159,-21.4224999999999
152.2183,-21.443
152.223999999999,-21.8644
152.2289,-21.9503999999999
152.229299999999,-21.7398999999999
152.229299999999,-21.7432
152.234399999999,-21.7383999999999
149.8503,-22.1485999999999
150.0081,-22.0826999999999
150.004099999999,-22.0866
152.2127,-21.6107
152.1337,-21.6226999999999
152.3085,-21.6354
152.3888,-21.634
152.5583,-21.7199999999999
152.520999999999,-21.7293999999999
152.5088,-21.7743
152.5928,-21.7867999999999
152.2365,-21.5145
152.246,-21.5215999999999
152.250699999999,-21.7363
152.2517,-21.6825
152.2526,-21.5141999999999
152.260099999999,-21.7774
152.264999999999,-21.7346
152.2687,-21.6695999999999
149.8647,-22.1441
149.7501,-22.2645
149.7759,-22.3592
149.8186,-22.388
149.9042,-22.4707
150.377199999999,-22.0043
152.475799999999,-21.6458
152.3408,-21.6656
152.263,-21.628
152.4512,-21.6649999999999
152.627299999999,-21.8213
152.545099999999,-21.8257
152.5223,-21.8288
152.535699999999,-21.8485
152.6357,-21.846
152.5934,-21.8509999999999
152.5088,-21.8746
152.272799999999,-21.6962
152.273,-21.6072999999999
152.2731,-21.8045
152.2785,-21.6566
152.285799999999,-21.9213999999999
152.288199999999,-21.6646
152.300199999999,-21.8575
152.3009,-21.4507
152.300999999999,-21.9332999999999
150.1558,-21.9693
152.393599999999,-21.6742999999999
152.441499999999,-21.6784
152.497999999999,-21.6752
152.202,-21.6873
152.6142,-21.8680999999999
152.5807,-21.8724999999999
152.657,-21.8943
152.589699999999,-21.8988
152.5218,-21.9216
152.6062,-21.9183999999999
152.6723,-21.9116
152.305499999999,-21.7911
152.3081,-21.4939
152.308699999999,-21.4466
152.3115,-21.475
152.313099999999,-21.6539
152.3143,-21.4215
152.316399999999,-21.5548
152.3176,-21.6914
152.3202,-21.8898
150.1643,-21.9922
150.1917,-21.9801
150.382,-21.9712999999999
150.125599999999,-22.0002999999999
150.1327,-21.9882999999999
152.0875,-21.695
152.349099999999,-21.707
152.2904,-21.7140999999999
152.5884,-21.94
152.6261,-21.9396999999999
152.6879,-21.9356
152.6579,-21.9427999999999
152.5986,-21.9551
152.5719,-21.9655999999999
152.3203,-21.4288999999999
152.3235,-21.988
152.3238,-21.6881999999999
152.3255,-21.5550999999999
152.337999999999,-21.9500999999999
152.3389,-21.5597999999999
152.342,-21.55
152.3432,-21.9198999999999
150.6878,-21.9575
150.5866,-21.9825
152.449999999999,-21.7045999999999
152.3693,-21.7205
152.386599999999,-21.7283
152.368699999999,-21.7331
152.4273,-21.7349999999999
152.7013,-21.9673
152.6609,-21.9735
152.648799999999,-21.9852999999999
152.543499999999,-21.9777999999999
152.566599999999,-21.9813
150.372899999999,-21.0226
151.0403,-21.5836
152.3436,-21.4621999999999
152.3487,-21.5540999999999
152.3535,-21.4803
152.356799999999,-21.5037999999999
152.3651,-21.8497999999999
152.366899999999,-21.4341
152.369,-21.4052
152.3719,-21.7526
150.669299999999,-21.9907
151.395999999999,-21.5125999999999
151.4778,-21.5505
151.3829,-21.6075
152.3313,-21.7591
152.2004,-21.7517999999999
152.414199999999,-21.7608
150.2136,-21.614
151.4916,-21.0478999999999
151.5071,-21.036
151.517699999999,-21.0356999999999
151.518599999999,-21.0398999999999
151.5385,-21.0456
151.4975,-21.3172999999999
151.5625,-21.3496999999999
151.5763,-21.2312
152.376,-21.8618999999999
152.376,-21.9381999999999
152.383399999999,-21.7101
152.409699999999,-21.6466999999999
152.412399999999,-21.9754
152.413199999999,-21.6689
152.416,-21.971
152.4228,-21.4688
152.4239,-21.4562999999999
152.4238,-21.9814
152.4285,-21.9746999999999
152.4478,-21.5101
151.262599999999,-21.8167
151.6013,-21.4969
151.9728,-21.5044
151.8116,-21.5156999999999
151.6534,-21.5183
152.1202,-21.7883999999999
152.1494,-21.7993999999999
152.424299999999,-21.7758
152.4556,-21.7844
151.584499999999,-21.3228
151.6062,-21.2605
151.616,-21.2275999999999
151.639299999999,-21.0978999999999
151.6575,-21.0183
151.683699999999,-20.9999
151.6884,-21.3606
151.708599999999,-21.3002
151.714599999999,-21.1223999999999
151.7159,-21.3174999999999
151.7589,-21.0477999999999
151.7623,-21.1005
152.4686,-21.4264
152.469699999999,-21.8188999999999
152.4891,-21.5950999999999
152.513499999999,-21.7288
152.5369,-21.6101999999999
152.537499999999,-21.5962
152.5624,-21.5172999999999
152.5746,-21.4512
152.5766,-21.4569
152.6073,-21.4259999999999
152.629899999999,-21.7044999999999
151.541799999999,-21.5225
151.7742,-21.5274
151.914999999999,-21.5231999999999
151.7073,-21.5682
151.620499999999,-21.5781999999999
151.774,-21.5833
151.938099999999,-21.5757
151.9216,-21.6025999999999
152.3839,-21.7998
152.4763,-21.8054999999999
152.4541,-21.8084999999999
152.4095,-21.8069999999999
152.2097,-21.8167
151.779,-21.1057999999999
151.7854,-21.1264
151.8041,-21.0682
151.816,-21.1426
151.8565,-21.3863999999999
151.8856,-21.0535
151.913,-21.1949
151.923599999999,-21.3449999999999
151.9352,-21.2486999999999
151.9651,-21.3445
152.631,-21.6997
152.6422,-21.8038999999999
152.649499999999,-21.5827999999999
150.643,-21.1270999999999
150.7915,-21.0499
150.9083,-21.2898
150.934599999999,-21.1075
150.9555,-21.2306999999999
150.9622,-21.2554
150.965399999999,-21.1755
150.970499999999,-21.2434
150.980899999999,-21.2077999999999
151.5189,-21.6233
151.5779,-21.6255999999999
151.6245,-21.6267999999999
151.788199999999,-21.6299999999999
151.6071,-21.6474
151.6925,-21.6545999999999
152.4275,-21.8235999999999
152.4592,-21.8232
152.3109,-21.8313999999999
152.4666,-21.8417999999999
152.266699999999,-21.8569999999999
152.1731,-21.8669
152.4393,-21.8556999999999
151.9761,-21.1634999999999
151.980799999999,-21.0244
151.988599999999,-21.3538999999999
151.9935,-21.2105
151.9976,-21.2031999999999
152.167399999999,-21.0825
152.1782,-21.3769999999999
150.987699999999,-21.2728
150.9984,-21.2443999999999
151.004099999999,-21.2362
151.0345,-21.3064
151.075099999999,-21.0063999999999
151.0749,-21.2058
151.081099999999,-21.1504
151.097,-21.1187
151.129099999999,-21.3478999999999
151.968799999999,-21.7658999999999
151.9145,-21.6492
151.978,-21.6483999999999
151.566599999999,-21.6725999999999
151.622999999999,-21.6719
151.545099999999,-21.7024
152.4085,-21.863
152.354,-21.8628
152.3047,-21.8664999999999
152.1313,-21.878
152.124799999999,-21.9005
152.364499999999,-21.8919
152.395199999999,-21.8808
152.1809,-21.4007
152.2501,-21.3311999999999
152.253899999999,-21.3706999999999
152.2606,-21.199
152.2774,-21.2852
152.3048,-21.2627999999999
152.352,-21.3248
152.4062,-21.3736
152.4111,-21.1594
152.4198,-21.1833999999999
152.4258,-21.1694999999999
152.467899999999,-21.3997999999999
151.143,-21.3396
151.1467,-21.256
151.1867,-21.2983
151.2329,-21.4631
151.2709,-21.1042999999999
151.290799999999,-21.0941
151.327599999999,-21.0075
151.364,-21.0047999999999
151.392599999999,-21.0572
151.4018,-21.0451
151.4035,-21.5835
151.4086,-21.0313
151.8812,-21.8048
151.986899999999,-21.8378
151.927899999999,-21.8874
152.4437,-21.8837
152.2675,-21.9387
152.477499999999,-21.9058999999999
152.4503,-21.9086
152.4658,-21.9175
152.392699999999,-21.9228999999999
152.4734,-21.3447999999999
152.4865,-21.3771999999999
152.4987,-21.2173
152.499,-21.1169
152.5131,-21.0744
152.549,-21.3683
152.5522,-21.3067999999999
152.5752,-21.1594
152.5816,-21.1538
152.5911,-21.3646999999999
152.670899999999,-21.2379
151.453599999999,-21.3327999999999
151.4958,-21.0585999999999
151.496199999999,-21.0263999999999
150.950799999999,-21.6904
150.9068,-21.7108999999999
151.0189,-21.7247999999999
151.7413,-21.7115
151.8605,-21.6973999999999
151.9847,-21.7135
151.9439,-21.7346
151.773799999999,-21.7555
152.1096,-21.9217
152.434,-21.9256999999999
152.4926,-21.9308
152.2118,-21.9409999999999
152.6798,-21.1498999999999
151.6202,-21.4967
151.6364,-21.5112999999999
151.867099999999,-21.4315
151.890899999999,-21.7796999999999
151.8946,-21.7828
151.895999999999,-21.6086999999999
151.8997,-21.7852
151.902899999999,-21.591
151.918299999999,-21.4749
151.926199999999,-21.8042
149.8871,-21.9962
149.8689,-22.007
149.830999999999,-22.0242
152.419,-21.5037999999999
152.389399999999,-21.5146
152.4949,-21.5117
152.0491,-21.4976999999999
152.455199999999,-21.5211
152.4409,-21.5273
152.4745,-21.5345
152.4583,-21.9358
152.422699999999,-21.9483999999999
152.3135,-21.9506
152.057199999999,-21.9629
151.9428,-21.7486
151.960199999999,-21.8829999999999
151.961099999999,-21.5908
151.972199999999,-21.8848999999999
151.986899999999,-21.9154
152.0051,-21.6983
152.0189,-21.695
152.0214,-21.6762
152.0216,-21.6936
152.0252,-21.6861
152.0275,-21.6768
149.8117,-22.0428
149.9324,-22.0257
149.9703,-22.0324999999999
149.614299999999,-22.0553999999999
149.9882,-22.0539999999999
149.9316,-22.0622
149.566599999999,-22.1737
152.2794,-21.5209
152.194899999999,-21.5505999999999
152.3972,-21.5474
152.2732,-21.5625
152.4565,-21.561
152.6062,-21.2893
152.580199999999,-21.3195
152.553599999999,-21.3386
152.5061,-21.3685
152.5248,-21.3403999999999
150.294999999999,-21.6731
150.2751,-21.6833999999999
150.287299999999,-21.6844
150.316399999999,-21.7326
150.2894,-21.7476999999999
151.128099999999,-21.2571
151.3749,-21.2651
151.203599999999,-21.2945999999999
151.114399999999,-21.2922
151.119499999999,-21.3173999999999
152.163999999999,-21.0989
152.256599999999,-21.0997999999999
152.3137,-21.1018
152.354099999999,-21.1024999999999
152.156299999999,-21.1052
152.1865,-21.1064
152.5226,-21.3518
152.5107,-21.3584999999999
152.501499999999,-21.3794
152.5284,-21.3782
152.507499999999,-21.3932
152.517599999999,-21.3944
152.5291,-21.4293
152.5815,-21.4320999999999
150.316,-21.7394
150.344699999999,-21.7362
150.4297,-21.7577
151.1689,-21.3216
151.097299999999,-21.3554999999999
152.0483,-21.1191999999999
152.322399999999,-21.1168
152.3888,-21.1217
152.4725,-21.1248
152.485099999999,-21.132
152.182099999999,-21.1347999999999
152.143,-21.1569
152.5198,-21.4606999999999
152.510099999999,-21.4738
152.564699999999,-21.4836999999999
152.5094,-21.4949
149.479199999999,-21.5428999999999
150.1064,-21.9244999999999
150.1192,-21.9213999999999
150.228299999999,-21.9145
151.2794,-21.3454
151.3676,-21.3703
151.328599999999,-21.3921999999999
151.2504,-21.3779
151.274499999999,-21.3887
152.431099999999,-21.1441
152.3092,-21.1548
152.192,-21.1681999999999
152.4778,-21.1657
152.095699999999,-21.1979
152.371,-21.1771999999999
152.3976,-21.1768
149.490299999999,-21.6019
149.472,-21.6045
149.4445,-21.6474
149.4565,-21.6755999999999
149.4702,-21.713
149.4686,-21.7393
149.4631,-21.8241
149.4845,-21.834
150.097199999999,-21.9372
150.1328,-21.9503999999999
150.146099999999,-21.9825
151.481599999999,-21.3628
151.4212,-21.385
151.419099999999,-21.402
151.415899999999,-21.4314
151.468999999999,-21.4729999999999
152.2998,-21.1823
152.4485,-21.183
152.336,-21.19
152.315699999999,-21.1995
152.498099999999,-21.2042
152.4927,-21.2154999999999
152.2426,-21.2125999999999
152.0113,-21.2197999999999
149.7681,-21.5085
149.720599999999,-21.5108999999999
149.7165,-21.5170999999999
149.8026,-21.5234999999999
149.6467,-21.5886999999999
149.8247,-21.5732
149.8178,-21.5821
150.2688,-21.4834
150.5915,-21.0127999999999
150.693299999999,-21.0531
151.286499999999,-21.4846
151.197499999999,-21.486
151.552799999999,-21.0052999999999
151.563199999999,-21.0421
151.5718,-21.0516
152.3964,-21.2182999999999
152.472399999999,-21.2401
152.507,-21.2379
149.8127,-21.5746
149.874599999999,-21.5913
149.772099999999,-21.6009999999999
149.806999999999,-21.5786
149.8382,-21.5884
149.867099999999,-21.6045
150.8649,-21.0310999999999
150.9249,-21.0264999999999
150.778099999999,-21.0569999999999
150.8296,-21.0718
150.7786,-21.0888999999999
150.901999999999,-21.1161999999999
151.6086,-21.0664
151.598299999999,-21.0987
151.5966,-21.0399999999999
151.641099999999,-21.077
151.663299999999,-21.0697
152.268599999999,-21.2640999999999
152.3126,-21.2798
152.3304,-21.2824999999999
152.230799999999,-21.3024999999999
152.220599999999,-21.3005
149.8271,-21.6038
149.783899999999,-21.6053999999999
149.8175,-21.6206
149.757399999999,-21.6106
149.7869,-21.6229
150.8307,-21.1289
150.9951,-21.1121
150.7893,-21.1331999999999
150.7631,-21.1358
151.687199999999,-21.0836
151.7151,-21.0968
151.7345,-21.1069
151.752299999999,-21.1155
152.2312,-21.2974
152.0516,-21.2956
152.063999999999,-21.3126
152.4368,-21.3053999999999
152.4819,-21.318
152.1629,-21.3309
149.8103,-21.6282999999999
149.505,-21.6024999999999
149.6639,-21.652
149.8261,-21.6563
149.638299999999,-21.6748
149.673399999999,-21.698
149.5412,-21.6881999999999
150.659799999999,-21.1587
150.8556,-21.1392999999999
150.8449,-21.1565
150.933799999999,-21.1644
151.770299999999,-21.1203
151.580299999999,-21.1232
151.5568,-21.1511
151.690599999999,-21.1597
151.712099999999,-21.1479
151.7564,-21.1476
151.7769,-21.1511999999999
152.2217,-21.3419999999999
152.3245,-21.3426
152.4017,-21.3281999999999
152.3993,-21.3251999999999
152.3659,-21.3294
152.249599999999,-21.3495999999999
149.669099999999,-21.7192
149.8813,-21.7105999999999
149.8338,-21.7531
149.591299999999,-21.7428999999999
149.563899999999,-21.7542
149.6339,-21.7375
150.8735,-21.1863999999999
150.943199999999,-21.1923999999999
150.8228,-21.2009
150.7927,-21.2140999999999
150.7689,-21.2261999999999
151.7983,-21.1627
151.552699999999,-21.1807
151.822399999999,-21.1813
151.540799999999,-21.2043
151.5744,-21.2084
151.528799999999,-21.2178
151.823,-21.1995
152.289999999999,-21.359
152.346399999999,-21.3505
152.425099999999,-21.3556999999999
152.482599999999,-21.3554999999999
152.1422,-21.3601999999999
149.7028,-21.7982
149.788199999999,-21.8157
149.5601,-21.8289
149.544,-21.8474
149.8229,-21.8298999999999
149.7929,-21.8355
150.8826,-21.2243999999999
150.8964,-21.2455
150.9126,-21.2575
150.930399999999,-21.2776999999999
150.936299999999,-21.3083999999999
150.7927,-21.3249999999999
151.984,-21.2153999999999
151.542499999999,-21.2332
151.9823,-21.227
151.6903,-21.2391
151.668299999999,-21.244
151.5551,-21.2532
152.0166,-21.3771999999999
152.211,-21.3924999999999
152.2499,-21.3958
149.636599999999,-21.8424
149.6211,-21.8541999999999
149.6132,-21.8639
149.879899999999,-21.8996999999999
149.642599999999,-21.9106999999999
149.630699999999,-21.9146
149.510799999999,-21.9283
150.9753,-21.3841
151.3262,-21.024
151.4143,-21.0127999999999
151.4452,-21.0102
151.554499999999,-21.0424
151.1629,-21.0126999999999
151.845699999999,-21.2411999999999
151.5551,-21.2997
151.6789,-21.292
151.636,-21.3211
152.362599999999,-21.4150999999999
152.4444,-21.4125
152.4323,-21.4204
152.4914,-21.4122999999999
152.398,-21.4247
149.649,-21.9316
149.961199999999,-21.9187
149.7303,-21.9427999999999
149.660599999999,-21.9500999999999
149.578499999999,-21.9564999999999
149.5994,-21.9582
151.103299999999,-21.0295999999999
151.1515,-21.0348
151.2801,-21.0415999999999
151.4087,-21.0369999999999
151.4803,-21.0389
151.420999999999,-21.0418999999999
151.3793,-21.0496
151.0711,-21.0705999999999
151.599999999999,-21.3338
151.703,-21.3328999999999
151.6233,-21.3373999999999
151.7238,-21.3472
151.8265,-21.3462999999999
151.857599999999,-21.3712
152.3339,-21.4296
152.128199999999,-21.437
152.4035,-21.4522
152.4564,-21.4437
152.4391,-21.465
149.6799,-21.9590999999999
149.819999999999,-21.9712999999999
149.8934,-21.9701999999999
149.572599999999,-21.9817
149.6634,-21.9764
151.5294,-21.0146
150.9391,-21.6488
150.9454,-21.6636999999999
150.912299999999,-21.6732
151.433699999999,-21.0715
151.369,-21.0794
151.6738,-21.3770999999999
151.711,-21.3737999999999
151.6951,-21.3808
151.9018,-21.399
151.793,-21.4104999999999
151.648799999999,-21.4189
152.3835,-21.4721
152.132399999999,-21.4926999999999
152.206999999999,-21.4994
152.5783,-21.0230999999999
152.6241,-21.0394
152.562199999999,-21.0603
149.8788,-21.9856
149.8785,-21.9803999999999
149.8116,-21.9888
149.848,-21.9896999999999
151.2379,-21.0961
151.4696,-21.1052
151.226499999999,-21.1212
151.2117,-21.1216
151.1382,-21.1225999999999
151.0746,-21.1238999999999
151.177899999999,-21.1377999999999
151.353,-21.1395
151.3039,-21.1563
151.5866,-21.4433
151.674299999999,-21.4517999999999
151.9153,-21.4431
151.853,-21.4603
152.4687,-21.0104
152.549499999999,-21.0585999999999
152.5342,-21.0728
152.5444,-21.1043999999999
152.5138,-21.1144
152.775399999999,-21.1097
152.6301,-21.1185
150.258399999999,-21.5191
150.1515,-21.5250999999999
150.2474,-21.6188
151.355099999999,-21.1641
151.3719,-21.1591999999999
151.3638,-21.1611
151.3598,-21.172
151.3707,-21.1708
151.429499999999,-21.1636999999999
151.4299,-21.1711999999999
151.434699999999,-21.1681999999999
151.038199999999,-21.1781
151.0136,-21.2158
152.4896,-21.0073
152.2004,-21.0185999999999
152.234299999999,-21.0200999999999
152.075999999999,-21.0334
152.0952,-21.0418999999999
152.202699999999,-21.0514
152.1893,-21.0667
152.2302,-21.0633
152.6567,-21.1023
152.5001,-21.1390999999999
152.528099999999,-21.1377999999999
152.5438,-21.1389999999999
152.5115,-21.1755999999999
152.5851,-21.1726999999999
152.6057,-21.1628
150.2202,-21.6528999999999
150.2243,-21.6576999999999
150.3401,-21.6511
150.3349,-21.6650999999999
151.2127,-21.1941999999999
151.2748,-21.2015999999999
151.1954,-21.2169999999999
151.417,-21.2124999999999
151.3992,-21.2401
151.2981,-21.2481
151.1819,-21.2552999999999
152.4641,-21.0645999999999
152.201699999999,-21.0752999999999
152.237699999999,-21.0863
152.2811,-21.0859999999999
152.501299999999,-21.0862
152.488,-21.1012999999999
152.143499999999,-21.0894
152.5876,-21.1825
152.5474,-21.1843
152.522799999999,-21.2008
152.5464,-21.2046999999999
152.5427,-21.2275999999999
152.5617,-21.2225
143.5165,-10.5429999999999
143.9103,-10.544
143.700999999999,-10.5444
143.7391,-10.5444999999999
142.348099999999,-10.5490999999999
142.376499999999,-10.5524
143.487699999999,-10.5539
142.3287,-10.5566
143.9204,-10.5556
143.251399999999,-10.5602
143.462999999999,-10.5637
143.415799999999,-10.5657
143.9146,-10.5728
143.9239,-10.5882
143.488499999999,-10.5954
142.6189,-10.596
143.908999999999,-10.5962999999999
143.0901,-10.5977999999999
143.931199999999,-10.5995
142.285799999999,-10.6057
143.6765,-10.6029
142.613,-10.6096
143.2972,-10.6114
142.5192,-10.6123999999999
142.9101,-10.5981
142.6467,-10.6241
142.6526,-10.6480999999999
142.643499999999,-10.6386
143.9105,-10.6115999999999
142.626299999999,-10.6125
143.9241,-10.6135
143.944799999999,-10.6175
143.7629,-10.6201
143.9128,-10.6212
142.3726,-10.6214
143.901199999999,-10.6229999999999
143.4383,-10.6236999999999
143.4717,-10.6241
143.9083,-10.6243
143.9326,-10.6364
142.682099999999,-10.6434
142.848899999999,-10.6515
142.7543,-10.6591
142.669999999999,-10.6678
142.684,-10.6678
143.374799999999,-10.6229999999999
143.222399999999,-10.6348
143.9403,-10.6372
143.9283,-10.6394
143.9495,-10.6523
142.281399999999,-10.6903
142.3818,-10.7029
142.351699999999,-10.7082999999999
143.0376,-10.6471
143.568,-10.6232
143.6525,-10.6328999999999
143.945899999999,-10.6727
143.888399999999,-10.6716
142.4386,-10.7105
142.369699999999,-10.7132
142.391099999999,-10.7387999999999
142.4147,-10.7135
142.2948,-10.7204
143.9404,-10.3527
142.9019,-10.3569999999999
143.9335,-10.3629
142.362599999999,-10.3681
142.4136,-10.7279
142.420199999999,-10.7363
142.2567,-10.7372999999999
142.4092,-10.7437
142.2511,-10.7421
142.395199999999,-10.7599
143.584,-10.3719
143.932199999999,-10.374
143.557999999999,-10.3765
143.541,-10.378
143.9272,-10.3861
143.319999999999,-10.3877
144.4258,-10.3948
142.3723,-10.7593
142.3741,-10.7637
142.386699999999,-10.7677999999999
142.397699999999,-10.7723
142.3179,-10.8389
142.3573,-10.8435
142.348299999999,-10.8446
143.9386,-10.396
143.6801,-10.4057
143.4892,-10.4067
143.5506,-10.4087
143.2476,-10.413
142.197,-10.4223
143.9315,-10.426
143.7418,-10.4278
143.909799999999,-10.4352
143.591199999999,-10.4398
142.3398,-10.8874
143.9584,-10.6814
143.9127,-10.4400999999999
143.3814,-10.4415
143.9204,-10.4473
143.4753,-10.4507999999999
142.346499999999,-10.4507999999999
143.436399999999,-10.4514999999999
142.2023,-10.4528
143.6485,-10.4528
143.9195,-10.4590999999999
142.4438,-10.4617
145.6481,-16.3165
148.442,-20.0687
143.5045,-11.7577
143.9092,-10.4697
143.138499999999,-10.4735999999999
143.5556,-10.4746
143.290799999999,-10.4758
143.906299999999,-10.4784
142.2596,-10.478
142.353,-10.4847
143.6711,-10.4847
142.2091,-10.4842
143.9164,-10.4914
142.249599999999,-10.494
143.479299999999,-10.4951
142.4464,-10.4974
143.7261,-10.4962
143.4165,-10.5013
143.8903,-10.5033999999999
142.2949,-10.5123
142.4454,-10.5276
142.6176,-10.5168
142.6082,-10.5334
142.5919,-10.5337999999999
143.914199999999,-10.5197
143.1052,-10.5257
142.306099999999,-10.531
142.2966,-10.5196
142.2722,-10.528
143.8925,-10.5375999999999
143.3545,-10.5398
151.890999999999,-23.291
151.9657,-23.3303
151.735999999999,-24.0056
151.9507,-24.2619
150.763399999999,-22.4483
150.773799999999,-22.4792999999999
152.464599999999,-21.9997
152.346399999999,-22.0164
152.4488,-22.0172999999999
150.4049,-22.3265999999999
151.9696,-23.4457999999999
151.993599999999,-23.4764
151.8752,-23.4698999999999
152.7152,-24.1132999999999
152.670199999999,-24.2069
152.741899999999,-24.2056
152.751499999999,-24.2152999999999
153.1091,-24.387
153.1465,-24.6434
153.1276,-24.5247999999999
152.2776,-22.0193
152.154,-22.0244
152.1398,-22.0149
152.073399999999,-22.0332
152.474099999999,-22.1728999999999
152.4974,-22.2388
152.034899999999,-23.4351999999999
152.060499999999,-23.4951
152.0472,-23.4758999999999
152.079299999999,-23.4731999999999
151.2756,-23.5338999999999
152.427699999999,-22.0398999999999
152.330999999999,-22.0577
152.477499999999,-22.0773
152.4865,-22.1008999999999
152.2547,-22.0947
152.5359,-22.1995
152.5414,-22.2145
152.5535,-22.2182
152.5833,-22.2352999999999
152.5704,-22.2750999999999
152.622899999999,-22.2765999999999
152.6502,-22.2135
152.6644,-22.2235
152.676099999999,-22.215
152.7082,-22.2593
151.2715,-23.5573
151.0497,-23.4298
151.020199999999,-23.4505
151.0615,-23.4492
151.280399999999,-23.6758999999999
152.3591,-22.1038999999999
152.2868,-22.1092
152.449299999999,-22.169
152.495499999999,-22.2003999999999
152.287,-22.0043
152.2992,-22.0719999999999
152.3142,-22.1240999999999
152.347399999999,-22.135
152.3325,-22.0805
152.3693,-22.1243
152.3751,-22.0621
152.376299999999,-22.0938
152.402999999999,-22.0583999999999
152.409799999999,-22.0570999999999
152.4007,-22.1366
151.3084,-23.7485
151.3179,-23.7648
151.334,-23.7550999999999
151.326699999999,-23.7652
151.362799999999,-23.8015
151.3818,-23.8305
150.3852,-22.0133
150.3673,-22.0182
150.1618,-22.0098999999999
152.4128,-22.2608
152.503899999999,-22.2993999999999
152.627,-22.0027
152.478299999999,-22.0540999999999
152.5,-22.0778
152.518499999999,-22.021
152.540699999999,-22.02
152.544,-22.0094999999999
152.5522,-22.0156999999999
152.5641,-22.0825
152.571599999999,-22.1132999999999
152.6549,-22.0465
152.703399999999,-22.1121
151.393,-23.8571999999999
151.3783,-23.8786999999999
151.3562,-23.8556999999999
151.3882,-23.8138
151.3934,-23.9006
151.4153,-23.8965999999999
151.4813,-23.9328
151.4942,-23.9500999999999
151.485199999999,-23.9618
151.4822,-23.9742
150.288199999999,-22.0243
150.098,-22.0307999999999
150.4506,-22.036
150.098299999999,-22.0463999999999
150.229,-22.3072
152.658199999999,-22.0049999999999
152.7261,-22.0111999999999
152.577599999999,-22.0416999999999
152.5642,-22.0443
152.572399999999,-22.0581
152.7098,-22.0078999999999
152.740299999999,-22.0370999999999
150.877,-23.0363
150.8804,-23.0472
151.7726,-23.5011
151.7262,-23.5253
151.627,-23.5383999999999
150.275499999999,-22.1558999999999
150.3562,-22.1799
150.360899999999,-22.1919
150.250699999999,-22.2029
150.3521,-22.2044999999999
150.3744,-22.2071
152.5043,-22.0589
152.7379,-22.0566
152.776,-22.0535
152.6309,-22.0657
152.6756,-22.0668
152.5966,-22.0657999999999
152.521999999999,-22.0731
152.5959,-22.0845999999999
150.899499999999,-23.0636
150.8925,-23.0819
150.8989,-23.0946
150.8847,-23.0968
150.8976,-23.0984
151.6789,-23.5553999999999
151.6233,-23.6741999999999
151.6249,-23.9727
151.6441,-23.9760999999999
151.6575,-23.9814
151.6747,-23.9883999999999
150.3709,-22.2168999999999
150.438899999999,-22.2044999999999
150.4228,-22.2178
150.438099999999,-22.2145
150.4121,-22.2174
152.646899999999,-22.0946
152.6243,-22.1038999999999
152.5336,-22.1055999999999
152.741,-22.0955
152.609299999999,-22.1237999999999
152.6287,-22.1254999999999
152.6763,-22.1208999999999
152.801199999999,-22.1149999999999
150.9918,-23.1175999999999
150.9052,-23.1502
150.917,-23.1674
150.8042,-23.1727999999999
150.957699999999,-23.1576999999999
152.0274,-23.5978999999999
152.1483,-23.6337
150.2696,-22.2287
150.232699999999,-22.2095999999999
150.307799999999,-22.2372
152.7457,-22.1167
152.5316,-22.148
152.596499999999,-22.1517
152.7607,-22.1499999999999
152.552799999999,-22.1553
152.652899999999,-22.161
150.974799999999,-23.152
150.9856,-23.1722
150.9644,-23.1891
150.9353,-23.1888
152.180499999999,-23.6946
152.2718,-23.7574
152.2869,-23.8079
150.4361,-22.2486
150.4194,-22.2922
150.4743,-22.2064999999999
150.2845,-22.1947
152.5234,-22.1793
152.6044,-22.187
152.6271,-22.1845
152.6981,-22.1707
152.760799999999,-22.1833999999999
150.9704,-23.1998
150.9677,-23.2114
150.8735,-23.2433
150.7981,-23.1786999999999
152.360899999999,-23.8665999999999
150.2289,-22.2855999999999
150.2921,-22.2817
150.2838,-22.337
150.301799999999,-22.3082999999999
150.24,-22.3094
152.554599999999,-22.2032999999999
152.7571,-22.2089
152.6183,-22.2228999999999
152.526999999999,-22.2397999999999
152.6534,-22.2455
150.886599999999,-23.2776
150.8263,-23.2844
150.8305,-23.3007999999999
150.9223,-23.303
150.8487,-23.314
150.9299,-23.3321
152.384899999999,-23.9002
152.3968,-23.9210999999999
150.816,-23.2245999999999
150.8252,-23.2349999999999
151.318099999999,-23.7717999999999
151.2646,-23.7986
150.2046,-22.3201
150.451799999999,-22.3096
150.3137,-22.3276
150.4597,-22.3496999999999
152.682199999999,-22.2436
152.560399999999,-22.2563999999999
152.6048,-22.2643999999999
152.7348,-22.2700999999999
152.662399999999,-22.308
150.9374,-23.3481999999999
150.943199999999,-23.3606
150.813899999999,-23.3573999999999
150.858,-23.422
151.085,-23.1545999999999
151.337999999999,-23.8341999999999
151.595699999999,-23.427
151.816599999999,-23.5
151.8168,-23.5092
152.086,-23.6797
152.464499999999,-23.8708999999999
150.327599999999,-22.3557999999999
150.2679,-22.3584
150.3381,-22.4343
150.6451,-22.0065999999999
152.736799999999,-22.2987
152.729,-22.3250999999999
152.6801,-22.3319
152.7302,-22.3432999999999
152.544,-22.3664999999999
152.5608,-22.3797
151.070899999999,-23.1625
151.0787,-23.1626
151.1003,-23.1978
151.0857,-23.2911
151.069099999999,-23.3466999999999
151.1543,-23.3999999999999
150.649499999999,-22.029
150.6723,-22.0886999999999
150.540799999999,-22.2658999999999
150.2589,-22.3416999999999
152.7059,-22.3611
152.719699999999,-22.356
152.5966,-22.395
152.6541,-22.3792
152.6129,-22.3759
151.1836,-23.4079
151.1689,-23.4171
151.024499999999,-23.4293
151.8326,-23.0056
151.776299999999,-23.0314
150.7159,-22.3378
150.682099999999,-22.358
150.5081,-22.3825
150.7979,-22.5638
150.959599999999,-22.6561999999999
150.9943,-22.7305999999999
150.8116,-22.7977999999999
150.791699999999,-22.9334999999999
151.8427,-23.0493999999999
151.5967,-23.0779
151.6677,-23.0915
151.903899999999,-23.1853
150.659899999999,-22.3339
150.7418,-22.4048
150.746399999999,-22.4115
150.7311,-22.431
151.539999999999,-22.6437999999999
151.6587,-22.8568
151.7713,-22.8468
151.775299999999,-22.8830999999999
151.723899999999,-22.9106999999999
152.6737,-22.6134999999999
150.7706,-22.5181
151.8877,-23.2053
151.7826,-23.2459999999999
151.763,-23.2561
151.940699999999,-23.2697
151.7723,-23.2948999999999
